$date
	Tue May 26 14:28:17 2026
$end
$version
	Icarus Verilog
$end
$timescale
	1ps
$end
$scope module rf_tb $end
$var wire 32 ! rd2 [31:0] $end
$var wire 32 " rd1 [31:0] $end
$var reg 5 # a1 [4:0] $end
$var reg 5 $ a2 [4:0] $end
$var reg 5 % a3 [4:0] $end
$var reg 1 & clk $end
$var reg 32 ' wd3 [31:0] $end
$var reg 1 ( we3 $end
$var integer 32 ) error_count [31:0] $end
$var integer 32 * i [31:0] $end
$scope module dut $end
$var wire 5 + a1 [4:0] $end
$var wire 5 , a2 [4:0] $end
$var wire 5 - a3 [4:0] $end
$var wire 1 & clk $end
$var wire 32 . wd3 [31:0] $end
$var wire 1 ( we3 $end
$var wire 32 / rd2 [31:0] $end
$var wire 32 0 rd1 [31:0] $end
$upscope $end
$scope begin $unm_blk_7 $end
$var reg 32 1 next_exp_rd1 [31:0] $end
$var reg 32 2 next_exp_rd2 [31:0] $end
$var reg 5 3 rand_a1 [4:0] $end
$var reg 5 4 rand_a2 [4:0] $end
$var reg 5 5 rand_a3 [4:0] $end
$var reg 32 6 rand_wd3 [31:0] $end
$var reg 1 7 rand_we3 $end
$upscope $end
$scope task verify_write_read $end
$var reg 32 8 exp_rd1 [31:0] $end
$var reg 32 9 exp_rd2 [31:0] $end
$var reg 5 : t_a1 [4:0] $end
$var reg 5 ; t_a2 [4:0] $end
$var reg 5 < t_a3 [4:0] $end
$var reg 32 = t_wd3 [31:0] $end
$var reg 1 > t_we3 $end
$upscope $end
$upscope $end
$enddefinitions $end
$comment Show the parameter values. $end
$dumpall
$end
#0
$dumpvars
x>
bx =
bx <
bx ;
bx :
bx 9
bx 8
x7
bx 6
bx 5
bx 4
bx 3
bx 2
bx 1
b0 0
b0 /
b0 .
b0 -
b0 ,
b0 +
b100000 *
b0 )
0(
b0 '
0&
b0 %
b0 $
b0 #
b0 "
b0 !
$end
#5000
1&
#10000
0&
b0 9
b0 8
b0 ;
b0 :
b0 =
b0 <
0>
#15000
1&
#20000
0&
#25000
b11111111111111111111111111111111 =
1>
1&
#30000
0&
#35000
b11111111111111111111111111111111 '
b11111111111111111111111111111111 .
1(
1&
#40000
0&
#45000
b10000 ;
b110 :
b100100001001101011000001001 =
b1000 <
b0 2
b0 1
b10000 4
b110 3
b100100001001101011000001001 6
b1000 5
17
b0 *
1&
#50000
0&
#55000
b10000 $
b10000 ,
b110 #
b110 +
b100100001001101011000001001 '
b100100001001101011000001001 .
b1000 %
b1000 -
1&
#60000
0&
#65000
b10000 :
b1001001101110101001000010010 =
b110 <
b10000 3
b1001001101110101001000010010 6
b110 5
b1 *
1&
#70000
0&
#75000
b10000 #
b10000 +
b1001001101110101001000010010 '
b1001001101110101001000010010 .
b110 %
b110 -
1&
#80000
0&
#85000
b11111 ;
b11000 :
b11110110110101000101011111101101 =
b10011 <
b11111 4
b11000 3
b11110110110101000101011111101101 6
b10011 5
b10 *
1&
#90000
0&
#95000
b11111 $
b11111 ,
b11000 #
b11000 +
b11110110110101000101011111101101 '
b11110110110101000101011111101101 .
b10011 %
b10011 -
1&
#100000
0&
#105000
b111 ;
b11110 :
b1010101000100111101001010101010 =
b1100 <
0>
b111 4
b11110 3
b1010101000100111101001010101010 6
b1100 5
07
b11 *
1&
#110000
0&
#115000
b111 $
b111 ,
b11110 #
b11110 +
b1010101000100111101001010101010 '
b1010101000100111101001010101010 .
b1100 %
b1100 -
0(
1&
#120000
0&
#125000
b1110 ;
b1100 :
b11111001001100000110100111110010 =
b11000 <
b1110 4
b1100 3
b11111001001100000110100111110010 6
b11000 5
b100 *
1&
#130000
0&
#135000
b1110 $
b1110 ,
b1100 #
b1100 +
b11111001001100000110100111110010 '
b11111001001100000110100111110010 .
b11000 %
b11000 -
1&
#140000
0&
#145000
b1001001101110101001000010010 9
b110 ;
b10 :
b1011110100011100010100010111101 =
b10101 <
b1001001101110101001000010010 2
b110 4
b10 3
b1011110100011100010100010111101 6
b10101 5
b101 *
1&
#150000
0&
#155000
b1001001101110101001000010010 !
b1001001101110101001000010010 /
b110 $
b110 ,
b10 #
b10 +
b1011110100011100010100010111101 '
b1011110100011100010100010111101 .
b10101 %
b10101 -
1&
#160000
0&
#165000
b0 9
b11010 ;
b10010 :
b1000000001110110010001010000000 =
b10000 <
b0 2
b11010 4
b10010 3
b1000000001110110010001010000000 6
b10000 5
b110 *
1&
#170000
0&
#175000
b0 !
b0 /
b11010 $
b11010 ,
b10010 #
b10010 +
b1000000001110110010001010000000 '
b1000000001110110010001010000000 .
b10000 %
b10000 -
1&
#180000
0&
#185000
b101 ;
b0 :
b1001100000111011100000010011 =
b1001 <
b101 4
b0 3
b1001100000111011100000010011 6
b1001 5
b111 *
1&
#190000
0&
#195000
b101 $
b101 ,
b0 #
b0 +
b1001100000111011100000010011 '
b1001100000111011100000010011 .
b1001 %
b1001 -
1&
#200000
0&
#205000
b10001 ;
b1010 :
b1000101110100101000000010 =
b1101 <
1>
b10001 4
b1010 3
b1000101110100101000000010 6
b1101 5
17
b1000 *
1&
#210000
0&
#215000
b10001 $
b10001 ,
b1010 #
b1010 +
b1000101110100101000000010 '
b1000101110100101000000010 .
b1101 %
b1101 -
1(
1&
#220000
0&
#225000
b11 ;
b1100 :
b10000101000010010110010100001010 =
b10010 <
0>
b11 4
b1100 3
b10000101000010010110010100001010 6
b10010 5
07
b1001 *
1&
#230000
0&
#235000
b11 $
b11 ,
b1100 #
b1100 +
b10000101000010010110010100001010 '
b10000101000010010110010100001010 .
b10010 %
b10010 -
0(
1&
#240000
0&
#245000
b1000101110100101000000010 8
b10111 ;
b1101 :
b10100000110001001011001101000001 =
b11000 <
1>
b1000101110100101000000010 1
b10111 4
b1101 3
b10100000110001001011001101000001 6
b11000 5
17
b1010 *
1&
#250000
0&
#255000
b1000101110100101000000010 "
b1000101110100101000000010 0
b10111 $
b10111 ,
b1101 #
b1101 +
b10100000110001001011001101000001 '
b10100000110001001011001101000001 .
b11000 %
b11000 -
1(
1&
#260000
0&
#265000
b0 8
b11010 ;
b11100 :
b11011011000000100110010110110110 =
b11110 <
0>
b0 1
b11010 4
b11100 3
b11011011000000100110010110110110 6
b11110 5
07
b1011 *
1&
#270000
0&
#275000
b0 "
b0 0
b11010 $
b11010 ,
b11100 #
b11100 +
b11011011000000100110010110110110 '
b11011011000000100110010110110110 .
b11110 %
b11110 -
0(
1&
#280000
0&
#285000
b10100000110001001011001101000001 9
b11000 ;
b111 :
b101110101111001101000001011 =
b10010 <
b10100000110001001011001101000001 2
b11000 4
b111 3
b101110101111001101000001011 6
b10010 5
b1100 *
1&
#290000
0&
#295000
b10100000110001001011001101000001 !
b10100000110001001011001101000001 /
b11000 $
b11000 ,
b111 #
b111 +
b101110101111001101000001011 '
b101110101111001101000001011 .
b10010 %
b10010 -
1&
#300000
0&
#305000
b0 9
b10001 ;
b10011101000001100011001100111010 =
b11 <
1>
b0 2
b10001 4
b10011101000001100011001100111010 6
b11 5
17
b1101 *
1&
#310000
0&
#315000
b0 !
b0 /
b10001 $
b10001 ,
b10011101000001100011001100111010 '
b10011101000001100011001100111010 .
b11 %
b11 -
1(
1&
#320000
0&
#325000
b11001 ;
b10100 :
b10110001001000110000011101100010 =
b11101 <
b11001 4
b10100 3
b10110001001000110000011101100010 6
b11101 5
b1110 *
1&
#330000
0&
#335000
b11001 $
b11001 ,
b10100 #
b10100 +
b10110001001000110000011101100010 '
b10110001001000110000011101100010 .
b11101 %
b11101 -
1&
#340000
0&
#345000
b101 ;
b1001 :
b1011011110011010110000010110111 =
b11111 <
b101 4
b1001 3
b1011011110011010110000010110111 6
b11111 5
b1111 *
1&
#350000
0&
#355000
b101 $
b101 ,
b1001 #
b1001 +
b1011011110011010110000010110111 '
b1011011110011010110000010110111 .
b11111 %
b11111 -
1&
#360000
0&
#365000
b1000101110100101000000010 9
b1000101110100101000000010 8
b1101 ;
b1101 :
b100100101011100011001001001001 =
b11000 <
0>
b1000101110100101000000010 2
b1000101110100101000000010 1
b1101 4
b1101 3
b100100101011100011001001001001 6
b11000 5
07
b10000 *
1&
#370000
0&
#375000
b1000101110100101000000010 !
b1000101110100101000000010 /
b1000101110100101000000010 "
b1000101110100101000000010 0
b1101 $
b1101 ,
b1101 #
b1101 +
b100100101011100011001001001001 '
b100100101011100011001001001001 .
b11000 %
b11000 -
0(
1&
#380000
0&
#385000
b0 9
b0 8
b11100 ;
b1100 :
b10000110000111010111111100001100 =
b11001 <
b0 2
b0 1
b11100 4
b1100 3
b10000110000111010111111100001100 6
b11001 5
b10001 *
1&
#390000
0&
#395000
b0 !
b0 /
b0 "
b0 0
b11100 $
b11100 ,
b1100 #
b1100 +
b10000110000111010111111100001100 '
b10000110000111010111111100001100 .
b11001 %
b11001 -
1&
#400000
0&
#405000
b10110 ;
b111 :
b10001001000011001101101100010010 =
b10011 <
b10110 4
b111 3
b10001001000011001101101100010010 6
b10011 5
b10010 *
1&
#410000
0&
#415000
b10110 $
b10110 ,
b111 #
b111 +
b10001001000011001101101100010010 '
b10001001000011001101101100010010 .
b10011 %
b10011 -
1&
#420000
0&
#425000
b10100000110001001011001101000001 8
b111 ;
b11000 :
b1101001111010111111011011010011 =
b10001 <
1>
b10100000110001001011001101000001 1
b111 4
b11000 3
b1101001111010111111011011010011 6
b10001 5
17
b10011 *
1&
#430000
0&
#435000
b10100000110001001011001101000001 "
b10100000110001001011001101000001 0
b111 $
b111 ,
b11000 #
b11000 +
b1101001111010111111011011010011 '
b1101001111010111111011011010011 .
b10001 %
b10001 -
1(
1&
#440000
0&
#445000
b0 8
b10101 ;
b10010 :
b11111111100101010111000111111 =
b10100 <
b0 1
b10101 4
b10010 3
b11111111100101010111000111111 6
b10100 5
b10100 *
1&
#450000
0&
#455000
b0 "
b0 0
b10101 $
b10101 ,
b10010 #
b10010 +
b11111111100101010111000111111 '
b11111111100101010111000111111 .
b10100 %
b10100 -
1&
#460000
0&
#465000
b1011011110011010110000010110111 8
b10 ;
b11111 :
b1001110001011111111001010011100 =
b1000 <
0>
b1011011110011010110000010110111 1
b10 4
b11111 3
b1001110001011111111001010011100 6
b1000 5
07
b10101 *
1&
#470000
0&
#475000
b1011011110011010110000010110111 "
b1011011110011010110000010110111 0
b10 $
b10 ,
b11111 #
b11111 +
b1001110001011111111001010011100 '
b1001110001011111111001010011100 .
b1000 %
b1000 -
0(
1&
#480000
0&
#485000
b0 8
b101 ;
b1011 :
b10111100110011010100000101111 =
b1010 <
1>
b0 1
b101 4
b1011 3
b10111100110011010100000101111 6
b1010 5
17
b10110 *
1&
#490000
0&
#495000
b0 "
b0 0
b101 $
b101 ,
b1011 #
b1011 +
b10111100110011010100000101111 '
b10111100110011010100000101111 .
b1010 %
b1010 -
1(
1&
#500000
0&
#505000
b10101 ;
b1110 :
b1100101100110110011011011001011 =
b11111 <
b10101 4
b1110 3
b1100101100110110011011011001011 6
b11111 5
b10111 *
1&
#510000
0&
#515000
b10101 $
b10101 ,
b1110 #
b1110 +
b1100101100110110011011011001011 '
b1100101100110110011011011001011 .
b11111 %
b11111 -
1&
#520000
0&
#525000
b1001001101110101001000010010 8
b1011 ;
b110 :
b1101101010100110110110011011010 =
b1110 <
b1001001101110101001000010010 1
b1011 4
b110 3
b1101101010100110110110011011010 6
b1110 5
b11000 *
1&
#530000
0&
#535000
b1001001101110101001000010010 "
b1001001101110101001000010010 0
b1011 $
b1011 ,
b110 #
b110 +
b1101101010100110110110011011010 '
b1101101010100110110110011011010 .
b1110 %
b1110 -
1&
#540000
0&
#545000
b1000101110100101000000010 8
b10010 ;
b1101 :
b10100010001100011111111101000100 =
b10111 <
0>
b1000101110100101000000010 1
b10010 4
b1101 3
b10100010001100011111111101000100 6
b10111 5
07
b11001 *
1&
#550000
0&
#555000
b1000101110100101000000010 "
b1000101110100101000000010 0
b10010 $
b10010 ,
b1101 #
b1101 +
b10100010001100011111111101000100 '
b10100010001100011111111101000100 .
b10111 %
b10111 -
0(
1&
#560000
0&
#565000
b0 8
b1111 ;
b1001 :
b11101110010111011010110111011100 =
b10000 <
1>
b0 1
b1111 4
b1001 3
b11101110010111011010110111011100 6
b10000 5
17
b11010 *
1&
#570000
0&
#575000
b0 "
b0 0
b1111 $
b1111 ,
b1001 #
b1001 +
b11101110010111011010110111011100 '
b11101110010111011010110111011100 .
b10000 %
b10000 -
1(
1&
#580000
0&
#585000
b1001001101110101001000010010 8
b0 ;
b110 :
b10100111011110011110100101001110 =
b10101 <
0>
b1001001101110101001000010010 1
b0 4
b110 3
b10100111011110011110100101001110 6
b10101 5
07
b11011 *
1&
#590000
0&
#595000
b1001001101110101001000010010 "
b1001001101110101001000010010 0
b0 $
b0 ,
b110 #
b110 +
b10100111011110011110100101001110 '
b10100111011110011110100101001110 .
b10101 %
b10101 -
0(
1&
#600000
0&
#605000
b0 8
b11001 ;
b1011 :
b10111100110100011000011101111001 =
b11 <
1>
b0 1
b11001 4
b1011 3
b10111100110100011000011101111001 6
b11 5
17
b11100 *
1&
#610000
0&
#615000
b0 "
b0 0
b11001 $
b11001 ,
b1011 #
b1011 +
b10111100110100011000011101111001 '
b10111100110100011000011101111001 .
b11 %
b11 -
1(
1&
#620000
0&
#625000
b10110001001000110000011101100010 8
b100 ;
b11101 :
b101100101101111100101001011001 =
b0 <
b10110001001000110000011101100010 1
b100 4
b11101 3
b101100101101111100101001011001 6
b0 5
b11101 *
1&
#630000
0&
#635000
b10110001001000110000011101100010 "
b10110001001000110000011101100010 0
b100 $
b100 ,
b11101 #
b11101 +
b101100101101111100101001011001 '
b101100101101111100101001011001 .
b0 %
b0 -
1&
#640000
0&
#645000
b0 8
b11011 ;
b11100 :
b111011010001011110001001110110 =
b110 <
b0 1
b11011 4
b11100 3
b111011010001011110001001110110 6
b110 5
b11110 *
1&
#650000
0&
#655000
b0 "
b0 0
b11011 $
b11011 ,
b11100 #
b11100 +
b111011010001011110001001110110 '
b111011010001011110001001110110 .
b110 %
b110 -
1&
#660000
0&
#665000
b1100101100110110011011011001011 8
b10110 ;
b11111 :
b10000010011101001001101100000100 =
b100 <
b1100101100110110011011011001011 1
b10110 4
b11111 3
b10000010011101001001101100000100 6
b100 5
b11111 *
1&
#670000
0&
#675000
b1100101100110110011011011001011 "
b1100101100110110011011011001011 0
b10110 $
b10110 ,
b11111 #
b11111 +
b10000010011101001001101100000100 '
b10000010011101001001101100000100 .
b100 %
b100 -
1&
#680000
0&
#685000
b0 8
b1100 ;
b10 :
b10010100011111001101100100101000 =
b11000 <
0>
b0 1
b1100 4
b10 3
b10010100011111001101100100101000 6
b11000 5
07
b100000 *
1&
#690000
0&
#695000
b0 "
b0 0
b1100 $
b1100 ,
b10 #
b10 +
b10010100011111001101100100101000 '
b10010100011111001101100100101000 .
b11000 %
b11000 -
0(
1&
#700000
0&
#705000
b10010 ;
b1111 :
b10001110010000010100010100011100 =
b0 <
b10010 4
b1111 3
b10001110010000010100010100011100 6
b0 5
b100001 *
1&
#710000
0&
#715000
b10010 $
b10010 ,
b1111 #
b1111 +
b10001110010000010100010100011100 '
b10001110010000010100010100011100 .
b0 %
b0 -
1&
#720000
0&
#725000
b10111100110100011000011101111001 8
b10110 ;
b11 :
b1101101001101000000100011011010 =
b11000 <
b10111100110100011000011101111001 1
b10110 4
b11 3
b1101101001101000000100011011010 6
b11000 5
b100010 *
1&
#730000
0&
#735000
b10111100110100011000011101111001 "
b10111100110100011000011101111001 0
b10110 $
b10110 ,
b11 #
b11 +
b1101101001101000000100011011010 '
b1101101001101000000100011011010 .
b11000 %
b11000 -
1&
#740000
0&
#745000
b1100101100110110011011011001011 9
b0 8
b11111 ;
b10101 :
b11011101011100011001100110111010 =
b111 <
b1100101100110110011011011001011 2
b0 1
b11111 4
b10101 3
b11011101011100011001100110111010 6
b111 5
b100011 *
1&
#750000
0&
#755000
b1100101100110110011011011001011 !
b1100101100110110011011011001011 /
b0 "
b0 0
b11111 $
b11111 ,
b10101 #
b10101 +
b11011101011100011001100110111010 '
b11011101011100011001100110111010 .
b111 %
b111 -
1&
#760000
0&
#765000
b0 9
b11110110110101000101011111101101 8
b11001 ;
b10011 :
b1011100111100000000000010111001 =
b1 <
1>
b0 2
b11110110110101000101011111101101 1
b11001 4
b10011 3
b1011100111100000000000010111001 6
b1 5
17
b100100 *
1&
#770000
0&
#775000
b0 !
b0 /
b11110110110101000101011111101101 "
b11110110110101000101011111101101 0
b11001 $
b11001 ,
b10011 #
b10011 +
b1011100111100000000000010111001 '
b1011100111100000000000010111001 .
b1 %
b1 -
1(
1&
#780000
0&
#785000
b10110001001000110000011101100010 9
b0 8
b11101 ;
b10111 :
b1011011010001100001101010110110 =
b10010 <
b10110001001000110000011101100010 2
b0 1
b11101 4
b10111 3
b1011011010001100001101010110110 6
b10010 5
b100101 *
1&
#790000
0&
#795000
b10110001001000110000011101100010 !
b10110001001000110000011101100010 /
b0 "
b0 0
b11101 $
b11101 ,
b10111 #
b10111 +
b1011011010001100001101010110110 '
b1011011010001100001101010110110 .
b10010 %
b10010 -
1&
#800000
0&
#805000
b0 9
b1000101110100101000000010 8
b1100 ;
b1101 :
b10111111010110101001101101111110 =
b10111 <
b0 2
b1000101110100101000000010 1
b1100 4
b1101 3
b10111111010110101001101101111110 6
b10111 5
b100110 *
1&
#810000
0&
#815000
b0 !
b0 /
b1000101110100101000000010 "
b1000101110100101000000010 0
b1100 $
b1100 ,
b1101 #
b1101 +
b10111111010110101001101101111110 '
b10111111010110101001101101111110 .
b10111 %
b10111 -
1&
#820000
0&
#825000
b10111100110011010100000101111 9
b1101001111010111111011011010011 8
b1010 ;
b10001 :
b110000101111001110111001100001 =
b1111 <
b10111100110011010100000101111 2
b1101001111010111111011011010011 1
b1010 4
b10001 3
b110000101111001110111001100001 6
b1111 5
b100111 *
1&
#830000
0&
#835000
b10111100110011010100000101111 !
b10111100110011010100000101111 /
b1101001111010111111011011010011 "
b1101001111010111111011011010011 0
b1010 $
b1010 ,
b10001 #
b10001 +
b110000101111001110111001100001 '
b110000101111001110111001100001 .
b1111 %
b1111 -
1&
#840000
0&
#845000
b0 9
b10111100110100011000011101111001 8
b10 ;
b11 :
b11111010100011000101100111110101 =
b101 <
b0 2
b10111100110100011000011101111001 1
b10 4
b11 3
b11111010100011000101100111110101 6
b101 5
b101000 *
1&
#850000
0&
#855000
b0 !
b0 /
b10111100110100011000011101111001 "
b10111100110100011000011101111001 0
b10 $
b10 ,
b11 #
b11 +
b11111010100011000101100111110101 '
b11111010100011000101100111110101 .
b101 %
b101 -
1&
#860000
0&
#865000
b11111111100101010111000111111 8
b111 ;
b10100 :
b1001100000000011011010010011000 =
b1100 <
b11111111100101010111000111111 1
b111 4
b10100 3
b1001100000000011011010010011000 6
b1100 5
b101001 *
1&
#870000
0&
#875000
b11111111100101010111000111111 "
b11111111100101010111000111111 0
b111 $
b111 ,
b10100 #
b10100 +
b1001100000000011011010010011000 '
b1001100000000011011010010011000 .
b1100 %
b1100 -
1&
#880000
0&
#885000
b10111100110011010100000101111 8
b11010 ;
b1010 :
b10100111010110001101000101001110 =
b1000 <
0>
b10111100110011010100000101111 1
b11010 4
b1010 3
b10100111010110001101000101001110 6
b1000 5
07
b101010 *
1&
#890000
0&
#895000
b10111100110011010100000101111 "
b10111100110011010100000101111 0
b11010 $
b11010 ,
b1010 #
b1010 +
b10100111010110001101000101001110 '
b10100111010110001101000101001110 .
b1000 %
b1000 -
0(
1&
#900000
0&
#905000
b1011011010001100001101010110110 9
b0 8
b10010 ;
b1001 :
b1110011001101000110011011100110 =
b10000 <
b1011011010001100001101010110110 2
b0 1
b10010 4
b1001 3
b1110011001101000110011011100110 6
b10000 5
b101011 *
1&
#910000
0&
#915000
b1011011010001100001101010110110 !
b1011011010001100001101010110110 /
b0 "
b0 0
b10010 $
b10010 ,
b1001 #
b1001 +
b1110011001101000110011011100110 '
b1110011001101000110011011100110 .
b10000 %
b10000 -
1&
#920000
0&
#925000
b0 9
b10111100110100011000011101111001 8
b111 ;
b11 :
b11001111011101011111111110011110 =
b1000 <
1>
b0 2
b10111100110100011000011101111001 1
b111 4
b11 3
b11001111011101011111111110011110 6
b1000 5
17
b101100 *
1&
#930000
0&
#935000
b0 !
b0 /
b10111100110100011000011101111001 "
b10111100110100011000011101111001 0
b111 $
b111 ,
b11 #
b11 +
b11001111011101011111111110011110 '
b11001111011101011111111110011110 .
b1000 %
b1000 -
1(
1&
#940000
0&
#945000
b1001100000000011011010010011000 9
b0 8
b1100 ;
b10110 :
b10001001111111110100000100010011 =
b11100 <
b1001100000000011011010010011000 2
b0 1
b1100 4
b10110 3
b10001001111111110100000100010011 6
b11100 5
b101101 *
1&
#950000
0&
#955000
b1001100000000011011010010011000 !
b1001100000000011011010010011000 /
b0 "
b0 0
b1100 $
b1100 ,
b10110 #
b10110 +
b10001001111111110100000100010011 '
b10001001111111110100000100010011 .
b11100 %
b11100 -
1&
#960000
0&
#965000
b0 9
b11001 ;
b11011 :
b11100010000101101010101111000100 =
b11011 <
b0 2
b11001 4
b11011 3
b11100010000101101010101111000100 6
b11011 5
b101110 *
1&
#970000
0&
#975000
b0 !
b0 /
b11001 $
b11001 ,
b11011 #
b11011 +
b11100010000101101010101111000100 '
b11100010000101101010101111000100 .
b11011 %
b11011 -
1&
#980000
0&
#985000
b11100010000101101010101111000100 "
b11100010000101101010101111000100 0
b110000101111001110111001100001 9
b1100101100110110011011011001011 8
b1111 ;
b11111 :
b1000011001100111001000010000110 =
b10111 <
0>
b110000101111001110111001100001 2
b1100101100110110011011011001011 1
b1111 4
b11111 3
b1000011001100111001000010000110 6
b10111 5
07
b101111 *
1&
#990000
0&
#995000
b110000101111001110111001100001 !
b110000101111001110111001100001 /
b1100101100110110011011011001011 "
b1100101100110110011011011001011 0
b1111 $
b1111 ,
b11111 #
b11111 +
b1000011001100111001000010000110 '
b1000011001100111001000010000110 .
b10111 %
b10111 -
0(
1&
#1000000
0&
#1005000
b10001001111111110100000100010011 9
b1101101010100110110110011011010 8
b11100 ;
b1110 :
b11000010010011111100110110000100 =
b1011 <
1>
b10001001111111110100000100010011 2
b1101101010100110110110011011010 1
b11100 4
b1110 3
b11000010010011111100110110000100 6
b1011 5
17
b110000 *
1&
#1010000
0&
#1015000
b10001001111111110100000100010011 !
b10001001111111110100000100010011 /
b1101101010100110110110011011010 "
b1101101010100110110110011011010 0
b11100 $
b11100 ,
b1110 #
b1110 +
b11000010010011111100110110000100 '
b11000010010011111100110110000100 .
b1011 %
b1011 -
1(
1&
#1020000
0&
#1025000
b0 9
b110000101111001110111001100001 8
b0 ;
b1111 :
b11000111011001011010100110001110 =
b1010 <
b0 2
b110000101111001110111001100001 1
b0 4
b1111 3
b11000111011001011010100110001110 6
b1010 5
b110001 *
1&
#1030000
0&
#1035000
b0 !
b0 /
b110000101111001110111001100001 "
b110000101111001110111001100001 0
b0 $
b0 ,
b1111 #
b1111 +
b11000111011001011010100110001110 '
b11000111011001011010100110001110 .
b1010 %
b1010 -
1&
#1040000
0&
#1045000
b11001111011101011111111110011110 9
b0 8
b1000 ;
b111 :
b10011011011000001110010100110110 =
b11100 <
0>
b11001111011101011111111110011110 2
b0 1
b1000 4
b111 3
b10011011011000001110010100110110 6
b11100 5
07
b110010 *
1&
#1050000
0&
#1055000
b11001111011101011111111110011110 !
b11001111011101011111111110011110 /
b0 "
b0 0
b1000 $
b1000 ,
b111 #
b111 +
b10011011011000001110010100110110 '
b10011011011000001110010100110110 .
b11100 %
b11100 -
0(
1&
#1060000
0&
#1065000
b0 9
b11001 ;
b11001 :
b1010111001111111011010010101110 =
b11000 <
1>
b0 2
b11001 4
b11001 3
b1010111001111111011010010101110 6
b11000 5
17
b110011 *
1&
#1070000
0&
#1075000
b0 !
b0 /
b11001 $
b11001 ,
b11001 #
b11001 +
b1010111001111111011010010101110 '
b1010111001111111011010010101110 .
b11000 %
b11000 -
1(
1&
#1080000
0&
#1085000
b1011100111100000000000010111001 9
b1001100000000011011010010011000 8
b1 ;
b1100 :
b10100101101101110101111101001011 =
b10 <
b1011100111100000000000010111001 2
b1001100000000011011010010011000 1
b1 4
b1100 3
b10100101101101110101111101001011 6
b10 5
b110100 *
1&
#1090000
0&
#1095000
b1011100111100000000000010111001 !
b1011100111100000000000010111001 /
b1001100000000011011010010011000 "
b1001100000000011011010010011000 0
b1 $
b1 ,
b1100 #
b1100 +
b10100101101101110101111101001011 '
b10100101101101110101111101001011 .
b10 %
b10 -
1&
#1100000
0&
#1105000
b11001111011101011111111110011110 9
b10110001001000110000011101100010 8
b1000 ;
b11101 :
b10001100000000111001110100011000 =
b11110 <
b11001111011101011111111110011110 2
b10110001001000110000011101100010 1
b1000 4
b11101 3
b10001100000000111001110100011000 6
b11110 5
b110101 *
1&
#1110000
0&
#1115000
b11001111011101011111111110011110 !
b11001111011101011111111110011110 /
b10110001001000110000011101100010 "
b10110001001000110000011101100010 0
b1000 $
b1000 ,
b11101 #
b11101 +
b10001100000000111001110100011000 '
b10001100000000111001110100011000 .
b11110 %
b11110 -
1&
#1120000
0&
#1125000
b11111010100011000101100111110101 9
b0 8
b101 ;
b10101 :
b11101100010001001111100111011000 =
b11 <
0>
b11111010100011000101100111110101 2
b0 1
b101 4
b10101 3
b11101100010001001111100111011000 6
b11 5
07
b110110 *
1&
#1130000
0&
#1135000
b11111010100011000101100111110101 !
b11111010100011000101100111110101 /
b0 "
b0 0
b101 $
b101 ,
b10101 #
b10101 +
b11101100010001001111100111011000 '
b11101100010001001111100111011000 .
b11 %
b11 -
0(
1&
#1140000
0&
#1145000
b1000101110100101000000010 9
b10111111010110101001101101111110 8
b1101 ;
b10111 :
b10011100111110001000000100 =
b1110 <
b1000101110100101000000010 2
b10111111010110101001101101111110 1
b1101 4
b10111 3
b10011100111110001000000100 6
b1110 5
b110111 *
1&
#1150000
0&
#1155000
b1000101110100101000000010 !
b1000101110100101000000010 /
b10111111010110101001101101111110 "
b10111111010110101001101101111110 0
b1101 $
b1101 ,
b10111 #
b10111 +
b10011100111110001000000100 '
b10011100111110001000000100 .
b1110 %
b1110 -
1&
#1160000
0&
#1165000
b11000111011001011010100110001110 9
b1101101010100110110110011011010 8
b1010 ;
b1110 :
b11100100000010001001000111001 =
b1011 <
1>
b11000111011001011010100110001110 2
b1101101010100110110110011011010 1
b1010 4
b1110 3
b11100100000010001001000111001 6
b1011 5
17
b111000 *
1&
#1170000
0&
#1175000
b11000111011001011010100110001110 !
b11000111011001011010100110001110 /
b1101101010100110110110011011010 "
b1101101010100110110110011011010 0
b1010 $
b1010 ,
b1110 #
b1110 +
b11100100000010001001000111001 '
b11100100000010001001000111001 .
b1011 %
b1011 -
1(
1&
#1180000
0&
#1185000
b0 9
b1011011010001100001101010110110 8
b11010 ;
b10010 :
b11100100000110111000010111001000 =
b11000 <
b0 2
b1011011010001100001101010110110 1
b11010 4
b10010 3
b11100100000110111000010111001000 6
b11000 5
b111001 *
1&
#1190000
0&
#1195000
b0 !
b0 /
b1011011010001100001101010110110 "
b1011011010001100001101010110110 0
b11010 $
b11010 ,
b10010 #
b10010 +
b11100100000110111000010111001000 '
b11100100000110111000010111001000 .
b11000 %
b11000 -
1&
#1200000
0&
#1205000
b1101001111010111111011011010011 9
b0 8
b10001 ;
b1001 :
b10101100001011010010001101011000 =
b0 <
0>
b1101001111010111111011011010011 2
b0 1
b10001 4
b1001 3
b10101100001011010010001101011000 6
b0 5
07
b111010 *
1&
#1210000
0&
#1215000
b1101001111010111111011011010011 !
b1101001111010111111011011010011 /
b0 "
b0 0
b10001 $
b10001 ,
b1001 #
b1001 +
b10101100001011010010001101011000 '
b10101100001011010010001101011000 .
b0 %
b0 -
0(
1&
#1220000
0&
#1225000
b1101101010100110110110011011010 9
b1110 ;
b10101 :
b1011000101011001110001010110001 =
b1001 <
b1101101010100110110110011011010 2
b1110 4
b10101 3
b1011000101011001110001010110001 6
b1001 5
b111011 *
1&
#1230000
0&
#1235000
b1101101010100110110110011011010 !
b1101101010100110110110011011010 /
b1110 $
b1110 ,
b10101 #
b10101 +
b1011000101011001110001010110001 '
b1011000101011001110001010110001 .
b1001 %
b1001 -
1&
#1240000
0&
#1245000
b11100100000110111000010111001000 9
b10100101101101110101111101001011 8
b11000 ;
b10 :
b11010110101101000000001110101101 =
b11111 <
1>
b11100100000110111000010111001000 2
b10100101101101110101111101001011 1
b11000 4
b10 3
b11010110101101000000001110101101 6
b11111 5
17
b111100 *
1&
#1250000
0&
#1255000
b11100100000110111000010111001000 !
b11100100000110111000010111001000 /
b10100101101101110101111101001011 "
b10100101101101110101111101001011 0
b11000 $
b11000 ,
b10 #
b10 +
b11010110101101000000001110101101 '
b11010110101101000000001110101101 .
b11111 %
b11111 -
1(
1&
#1260000
0&
#1265000
b10110001001000110000011101100010 9
b10000010011101001001101100000100 8
b11101 ;
b100 :
b1011100111011111001000010111001 =
b1110 <
0>
b10110001001000110000011101100010 2
b10000010011101001001101100000100 1
b11101 4
b100 3
b1011100111011111001000010111001 6
b1110 5
07
b111101 *
1&
#1270000
0&
#1275000
b10110001001000110000011101100010 !
b10110001001000110000011101100010 /
b10000010011101001001101100000100 "
b10000010011101001001101100000100 0
b11101 $
b11101 ,
b100 #
b100 +
b1011100111011111001000010111001 '
b1011100111011111001000010111001 .
b1110 %
b1110 -
0(
1&
#1280000
0&
#1285000
b11010110101101000000001110101101 9
b1011011010001100001101010110110 8
b11111 ;
b10010 :
b1010000101111000101111010100001 =
b10101 <
1>
b11010110101101000000001110101101 2
b1011011010001100001101010110110 1
b11111 4
b10010 3
b1010000101111000101111010100001 6
b10101 5
17
b111110 *
1&
#1290000
0&
#1295000
b11010110101101000000001110101101 !
b11010110101101000000001110101101 /
b1011011010001100001101010110110 "
b1011011010001100001101010110110 0
b11111 $
b11111 ,
b10010 #
b10010 +
b1010000101111000101111010100001 '
b1010000101111000101111010100001 .
b10101 %
b10101 -
1(
1&
#1300000
0&
#1305000
b110000101111001110111001100001 9
b0 8
b1111 ;
b111 :
b111110011101010100001001111100 =
b11000 <
0>
b110000101111001110111001100001 2
b0 1
b1111 4
b111 3
b111110011101010100001001111100 6
b11000 5
07
b111111 *
1&
#1310000
0&
#1315000
b110000101111001110111001100001 !
b110000101111001110111001100001 /
b0 "
b0 0
b1111 $
b1111 ,
b111 #
b111 +
b111110011101010100001001111100 '
b111110011101010100001001111100 .
b11000 %
b11000 -
0(
1&
#1320000
0&
#1325000
b11110110110101000101011111101101 9
b11010110101101000000001110101101 8
b10011 ;
b11111 :
b11000011010001100000110110000110 =
b110 <
b11110110110101000101011111101101 2
b11010110101101000000001110101101 1
b10011 4
b11111 3
b11000011010001100000110110000110 6
b110 5
b1000000 *
1&
#1330000
0&
#1335000
b11110110110101000101011111101101 !
b11110110110101000101011111101101 /
b11010110101101000000001110101101 "
b11010110101101000000001110101101 0
b10011 $
b10011 ,
b11111 #
b11111 +
b11000011010001100000110110000110 '
b11000011010001100000110110000110 .
b110 %
b110 -
1&
#1340000
0&
#1345000
b10001001111111110100000100010011 9
b1001100000000011011010010011000 8
b11100 ;
b1100 :
b11111011000011011010100111110110 =
b10 <
1>
b10001001111111110100000100010011 2
b1001100000000011011010010011000 1
b11100 4
b1100 3
b11111011000011011010100111110110 6
b10 5
17
b1000001 *
1&
#1350000
0&
#1355000
b10001001111111110100000100010011 !
b10001001111111110100000100010011 /
b1001100000000011011010010011000 "
b1001100000000011011010010011000 0
b11100 $
b11100 ,
b1100 #
b1100 +
b11111011000011011010100111110110 '
b11111011000011011010100111110110 .
b10 %
b10 -
1(
1&
#1360000
0&
#1365000
b1011011010001100001101010110110 9
b11110110110101000101011111101101 8
b10010 ;
b10011 :
b1011000011010100110101010110000 =
b10011 <
b1011011010001100001101010110110 2
b11110110110101000101011111101101 1
b10010 4
b10011 3
b1011000011010100110101010110000 6
b10011 5
b1000010 *
1&
#1370000
0&
#1375000
b1011011010001100001101010110110 !
b1011011010001100001101010110110 /
b11110110110101000101011111101101 "
b11110110110101000101011111101101 0
b10010 $
b10010 ,
b10011 #
b10011 +
b1011000011010100110101010110000 '
b1011000011010100110101010110000 .
b10011 %
b10011 -
1&
#1380000
0&
#1385000
b1011000011010100110101010110000 "
b1011000011010100110101010110000 0
b10000010011101001001101100000100 9
b1101001111010111111011011010011 8
b100 ;
b10001 :
b1110000101100010100111011100001 =
b10001 <
b10000010011101001001101100000100 2
b1101001111010111111011011010011 1
b100 4
b10001 3
b1110000101100010100111011100001 6
b10001 5
b1000011 *
1&
#1390000
0&
#1395000
b10000010011101001001101100000100 !
b10000010011101001001101100000100 /
b1101001111010111111011011010011 "
b1101001111010111111011011010011 0
b100 $
b100 ,
b10001 #
b10001 +
b1110000101100010100111011100001 '
b1110000101100010100111011100001 .
b10001 %
b10001 -
1&
#1400000
0&
#1405000
b1110000101100010100111011100001 "
b1110000101100010100111011100001 0
b11001111011101011111111110011110 9
b10001001111111110100000100010011 8
b1000 ;
b11100 :
b10010010100101111100101100100101 =
b1000 <
b11001111011101011111111110011110 2
b10001001111111110100000100010011 1
b1000 4
b11100 3
b10010010100101111100101100100101 6
b1000 5
b1000100 *
1&
#1410000
0&
#1415000
b11001111011101011111111110011110 !
b11001111011101011111111110011110 /
b10001001111111110100000100010011 "
b10001001111111110100000100010011 0
b1000 $
b1000 ,
b11100 #
b11100 +
b10010010100101111100101100100101 '
b10010010100101111100101100100101 .
b1000 %
b1000 -
1&
#1420000
0&
#1425000
b10010010100101111100101100100101 !
b10010010100101111100101100100101 /
b0 9
b11101110010111011010110111011100 8
b111 ;
b10000 :
b10010110010110110111101100101100 =
b10000 <
0>
b0 2
b11101110010111011010110111011100 1
b111 4
b10000 3
b10010110010110110111101100101100 6
b10000 5
07
b1000101 *
1&
#1430000
0&
#1435000
b0 !
b0 /
b11101110010111011010110111011100 "
b11101110010111011010110111011100 0
b111 $
b111 ,
b10000 #
b10000 +
b10010110010110110111101100101100 '
b10010110010110110111101100101100 .
b10000 %
b10000 -
0(
1&
#1440000
0&
#1445000
b11111010100011000101100111110101 9
b0 8
b101 ;
b1001 :
b1111011110111111100001011110111 =
b11011 <
b11111010100011000101100111110101 2
b0 1
b101 4
b1001 3
b1111011110111111100001011110111 6
b11011 5
b1000110 *
1&
#1450000
0&
#1455000
b11111010100011000101100111110101 !
b11111010100011000101100111110101 /
b0 "
b0 0
b101 $
b101 ,
b1001 #
b1001 +
b1111011110111111100001011110111 '
b1111011110111111100001011110111 .
b11011 %
b11011 -
1&
#1460000
0&
#1465000
b11100100000010001001000111001 9
b10111111010110101001101101111110 8
b1011 ;
b10111 :
b1010000000010110001001010100000 =
b10 <
1>
b11100100000010001001000111001 2
b10111111010110101001101101111110 1
b1011 4
b10111 3
b1010000000010110001001010100000 6
b10 5
17
b1000111 *
1&
#1470000
0&
#1475000
b11100100000010001001000111001 !
b11100100000010001001000111001 /
b10111111010110101001101101111110 "
b10111111010110101001101101111110 0
b1011 $
b1011 ,
b10111 #
b10111 +
b1010000000010110001001010100000 '
b1010000000010110001001010100000 .
b10 %
b10 -
1(
1&
#1480000
0&
#1485000
b0 9
b0 8
b1001 ;
b111 :
b10100101101100001001100101001011 =
b0 <
b0 2
b0 1
b1001 4
b111 3
b10100101101100001001100101001011 6
b0 5
b1001000 *
1&
#1490000
0&
#1495000
b0 !
b0 /
b0 "
b0 0
b1001 $
b1001 ,
b111 #
b111 +
b10100101101100001001100101001011 '
b10100101101100001001100101001011 .
b0 %
b0 -
1&
#1500000
0&
#1505000
b10001100000000111001110100011000 9
b11110 ;
b0 :
b11000111111000100111001110001111 =
b111 <
0>
b10001100000000111001110100011000 2
b11110 4
b0 3
b11000111111000100111001110001111 6
b111 5
07
b1001001 *
1&
#1510000
0&
#1515000
b10001100000000111001110100011000 !
b10001100000000111001110100011000 /
b11110 $
b11110 ,
b0 #
b0 +
b11000111111000100111001110001111 '
b11000111111000100111001110001111 .
b111 %
b111 -
0(
1&
#1520000
0&
#1525000
b1101101010100110110110011011010 9
b1110 ;
b1001 :
b10100010000100011001111101000100 =
b11011 <
1>
b1101101010100110110110011011010 2
b1110 4
b1001 3
b10100010000100011001111101000100 6
b11011 5
17
b1001010 *
1&
#1530000
0&
#1535000
b1101101010100110110110011011010 !
b1101101010100110110110011011010 /
b1110 $
b1110 ,
b1001 #
b1001 +
b10100010000100011001111101000100 '
b10100010000100011001111101000100 .
b11011 %
b11011 -
1(
1&
#1540000
0&
#1545000
b11111010100011000101100111110101 9
b11100100000110111000010111001000 8
b101 ;
b11000 :
b11111100000111100101101111111000 =
b10101 <
0>
b11111010100011000101100111110101 2
b11100100000110111000010111001000 1
b101 4
b11000 3
b11111100000111100101101111111000 6
b10101 5
07
b1001011 *
1&
#1550000
0&
#1555000
b11111010100011000101100111110101 !
b11111010100011000101100111110101 /
b11100100000110111000010111001000 "
b11100100000110111000010111001000 0
b101 $
b101 ,
b11000 #
b11000 +
b11111100000111100101101111111000 '
b11111100000111100101101111111000 .
b10101 %
b10101 -
0(
1&
#1560000
0&
#1565000
b1110000101100010100111011100001 9
b0 8
b10001 ;
b11001 :
b1000110001110101001001010001100 =
b10100 <
1>
b1110000101100010100111011100001 2
b0 1
b10001 4
b11001 3
b1000110001110101001001010001100 6
b10100 5
17
b1001100 *
1&
#1570000
0&
#1575000
b1110000101100010100111011100001 !
b1110000101100010100111011100001 /
b0 "
b0 0
b10001 $
b10001 ,
b11001 #
b11001 +
b1000110001110101001001010001100 '
b1000110001110101001001010001100 .
b10100 %
b10100 -
1(
1&
#1580000
0&
#1585000
b111011010001011110001001110110 9
b10111111010110101001101101111110 8
b110 ;
b10111 :
b1010101010110111011110010101010 =
b11000 <
b111011010001011110001001110110 2
b10111111010110101001101101111110 1
b110 4
b10111 3
b1010101010110111011110010101010 6
b11000 5
b1001101 *
1&
#1590000
0&
#1595000
b111011010001011110001001110110 !
b111011010001011110001001110110 /
b10111111010110101001101101111110 "
b10111111010110101001101101111110 0
b110 $
b110 ,
b10111 #
b10111 +
b1010101010110111011110010101010 '
b1010101010110111011110010101010 .
b11000 %
b11000 -
1&
#1600000
0&
#1605000
b1011000011010100110101010110000 9
b1010000000010110001001010100000 8
b10011 ;
b10 :
b1010011000111011111111010100110 =
b1000 <
b1011000011010100110101010110000 2
b1010000000010110001001010100000 1
b10011 4
b10 3
b1010011000111011111111010100110 6
b1000 5
b1001110 *
1&
#1610000
0&
#1615000
b1011000011010100110101010110000 !
b1011000011010100110101010110000 /
b1010000000010110001001010100000 "
b1010000000010110001001010100000 0
b10011 $
b10011 ,
b10 #
b10 +
b1010011000111011111111010100110 '
b1010011000111011111111010100110 .
b1000 %
b1000 -
1&
#1620000
0&
#1625000
b1000110001110101001001010001100 9
b10111100110100011000011101111001 8
b10100 ;
b11 :
b1010011001001011000000010100 =
b100 <
0>
b1000110001110101001001010001100 2
b10111100110100011000011101111001 1
b10100 4
b11 3
b1010011001001011000000010100 6
b100 5
07
b1001111 *
1&
#1630000
0&
#1635000
b1000110001110101001001010001100 !
b1000110001110101001001010001100 /
b10111100110100011000011101111001 "
b10111100110100011000011101111001 0
b10100 $
b10100 ,
b11 #
b11 +
b1010011001001011000000010100 '
b1010011001001011000000010100 .
b100 %
b100 -
0(
1&
#1640000
0&
#1645000
b11100100000010001001000111001 9
b1011 ;
b11000011001111101001011110000110 =
b10100 <
b11100100000010001001000111001 2
b1011 4
b11000011001111101001011110000110 6
b10100 5
b1010000 *
1&
#1650000
0&
#1655000
b11100100000010001001000111001 !
b11100100000010001001000111001 /
b1011 $
b1011 ,
b11000011001111101001011110000110 '
b11000011001111101001011110000110 .
b10100 %
b10100 -
1&
#1660000
0&
#1665000
b111011010001011110001001110110 9
b11101110010111011010110111011100 8
b110 ;
b10000 :
b11000110011111000100010110001100 =
b10 <
1>
b111011010001011110001001110110 2
b11101110010111011010110111011100 1
b110 4
b10000 3
b11000110011111000100010110001100 6
b10 5
17
b1010001 *
1&
#1670000
0&
#1675000
b111011010001011110001001110110 !
b111011010001011110001001110110 /
b11101110010111011010110111011100 "
b11101110010111011010110111011100 0
b110 $
b110 ,
b10000 #
b10000 +
b11000110011111000100010110001100 '
b11000110011111000100010110001100 .
b10 %
b10 -
1(
1&
#1680000
0&
#1685000
b10001100000000111001110100011000 9
b10111111010110101001101101111110 8
b11110 ;
b10111 :
b100101111001111001111001001011 =
b11110 <
b10001100000000111001110100011000 2
b10111111010110101001101101111110 1
b11110 4
b10111 3
b100101111001111001111001001011 6
b11110 5
b1010010 *
1&
#1690000
0&
#1695000
b10001100000000111001110100011000 !
b10001100000000111001110100011000 /
b10111111010110101001101101111110 "
b10111111010110101001101101111110 0
b11110 $
b11110 ,
b10111 #
b10111 +
b100101111001111001111001001011 '
b100101111001111001111001001011 .
b11110 %
b11110 -
1&
#1700000
0&
#1705000
b100101111001111001111001001011 !
b100101111001111001111001001011 /
b1000101110100101000000010 9
b10111100110100011000011101111001 8
b1101 ;
b11 :
b11100100111000010110010111001001 =
b11010 <
b1000101110100101000000010 2
b10111100110100011000011101111001 1
b1101 4
b11 3
b11100100111000010110010111001001 6
b11010 5
b1010011 *
1&
#1710000
0&
#1715000
b1000101110100101000000010 !
b1000101110100101000000010 /
b10111100110100011000011101111001 "
b10111100110100011000011101111001 0
b1101 $
b1101 ,
b11 #
b11 +
b11100100111000010110010111001001 '
b11100100111000010110010111001001 .
b11010 %
b11010 -
1&
#1720000
0&
#1725000
b1010101010110111011110010101010 9
b10100010000100011001111101000100 8
b11000 ;
b11011 :
b11001110101000000100000110011101 =
b10110 <
0>
b1010101010110111011110010101010 2
b10100010000100011001111101000100 1
b11000 4
b11011 3
b11001110101000000100000110011101 6
b10110 5
07
b1010100 *
1&
#1730000
0&
#1735000
b1010101010110111011110010101010 !
b1010101010110111011110010101010 /
b10100010000100011001111101000100 "
b10100010000100011001111101000100 0
b11000 $
b11000 ,
b11011 #
b11011 +
b11001110101000000100000110011101 '
b11001110101000000100000110011101 .
b10110 %
b10110 -
0(
1&
#1740000
0&
#1745000
b0 9
b1011100111100000000000010111001 8
b11001 ;
b1 :
b10010000000000001011011100100000 =
b1101 <
1>
b0 2
b1011100111100000000000010111001 1
b11001 4
b1 3
b10010000000000001011011100100000 6
b1101 5
17
b1010101 *
1&
#1750000
0&
#1755000
b0 !
b0 /
b1011100111100000000000010111001 "
b1011100111100000000000010111001 0
b11001 $
b11001 ,
b1 #
b1 +
b10010000000000001011011100100000 '
b10010000000000001011011100100000 .
b1101 %
b1101 -
1(
1&
#1760000
0&
#1765000
b1011000011010100110101010110000 9
b11111010100011000101100111110101 8
b10011 ;
b101 :
b1100100011100011111100011001000 =
b10 <
b1011000011010100110101010110000 2
b11111010100011000101100111110101 1
b10011 4
b101 3
b1100100011100011111100011001000 6
b10 5
b1010110 *
1&
#1770000
0&
#1775000
b1011000011010100110101010110000 !
b1011000011010100110101010110000 /
b11111010100011000101100111110101 "
b11111010100011000101100111110101 0
b10011 $
b10011 ,
b101 #
b101 +
b1100100011100011111100011001000 '
b1100100011100011111100011001000 .
b10 %
b10 -
1&
#1780000
0&
#1785000
b11111010100011000101100111110101 9
b1011100111100000000000010111001 8
b101 ;
b1 :
b10011100100011010111111100111001 =
b11111010100011000101100111110101 2
b1011100111100000000000010111001 1
b101 4
b1 3
b10011100100011010111111100111001 6
b1010111 *
1&
#1790000
0&
#1795000
b11111010100011000101100111110101 !
b11111010100011000101100111110101 /
b1011100111100000000000010111001 "
b1011100111100000000000010111001 0
b101 $
b101 ,
b1 #
b1 +
b10011100100011010111111100111001 '
b10011100100011010111111100111001 .
1&
#1800000
0&
#1805000
b10110001001000110000011101100010 9
b0 8
b11101 ;
b11001 :
b110111010110011110101001101110 =
b1101 <
b10110001001000110000011101100010 2
b0 1
b11101 4
b11001 3
b110111010110011110101001101110 6
b1101 5
b1011000 *
1&
#1810000
0&
#1815000
b10110001001000110000011101100010 !
b10110001001000110000011101100010 /
b0 "
b0 0
b11101 $
b11101 ,
b11001 #
b11001 +
b110111010110011110101001101110 '
b110111010110011110101001101110 .
b1101 %
b1101 -
1&
#1820000
0&
#1825000
b111011010001011110001001110110 9
b110 ;
b0 :
b11110010111110000000000 =
b11011 <
b111011010001011110001001110110 2
b110 4
b0 3
b11110010111110000000000 6
b11011 5
b1011001 *
1&
#1830000
0&
#1835000
b111011010001011110001001110110 !
b111011010001011110001001110110 /
b110 $
b110 ,
b0 #
b0 +
b11110010111110000000000 '
b11110010111110000000000 .
b11011 %
b11011 -
1&
#1840000
0&
#1845000
b0 9
b10001001111111110100000100010011 8
b11001 ;
b11100 :
b11100010111111010100100111000101 =
b10101 <
0>
b0 2
b10001001111111110100000100010011 1
b11001 4
b11100 3
b11100010111111010100100111000101 6
b10101 5
07
b1011010 *
1&
#1850000
0&
#1855000
b0 !
b0 /
b10001001111111110100000100010011 "
b10001001111111110100000100010011 0
b11001 $
b11001 ,
b11100 #
b11100 +
b11100010111111010100100111000101 '
b11100010111111010100100111000101 .
b10101 %
b10101 -
0(
1&
#1860000
0&
#1865000
b110111010110011110101001101110 9
b1000110001110101001001010001100 8
b1101 ;
b10100 :
b10111011100000111100110101110111 =
b110 <
b110111010110011110101001101110 2
b1000110001110101001001010001100 1
b1101 4
b10100 3
b10111011100000111100110101110111 6
b110 5
b1011011 *
1&
#1870000
0&
#1875000
b110111010110011110101001101110 !
b110111010110011110101001101110 /
b1000110001110101001001010001100 "
b1000110001110101001001010001100 0
b1101 $
b1101 ,
b10100 #
b10100 +
b10111011100000111100110101110111 '
b10111011100000111100110101110111 .
b110 %
b110 -
1&
#1880000
0&
#1885000
b1010011000111011111111010100110 9
b11100100000010001001000111001 8
b1000 ;
b1011 :
b11011100011110001011000110111000 =
b1100 <
1>
b1010011000111011111111010100110 2
b11100100000010001001000111001 1
b1000 4
b1011 3
b11011100011110001011000110111000 6
b1100 5
17
b1011100 *
1&
#1890000
0&
#1895000
b1010011000111011111111010100110 !
b1010011000111011111111010100110 /
b11100100000010001001000111001 "
b11100100000010001001000111001 0
b1000 $
b1000 ,
b1011 #
b1011 +
b11011100011110001011000110111000 '
b11011100011110001011000110111000 .
b1100 %
b1100 -
1(
1&
#1900000
0&
#1905000
b11101110010111011010110111011100 9
b10110001001000110000011101100010 8
b10000 ;
b11101 :
b11011010110101101100011110110101 =
b10111 <
0>
b11101110010111011010110111011100 2
b10110001001000110000011101100010 1
b10000 4
b11101 3
b11011010110101101100011110110101 6
b10111 5
07
b1011101 *
1&
#1910000
0&
#1915000
b11101110010111011010110111011100 !
b11101110010111011010110111011100 /
b10110001001000110000011101100010 "
b10110001001000110000011101100010 0
b10000 $
b10000 ,
b11101 #
b11101 +
b11011010110101101100011110110101 '
b11011010110101101100011110110101 .
b10111 %
b10111 -
0(
1&
#1920000
0&
#1925000
b10110001001000110000011101100010 9
b11101110010111011010110111011100 8
b11101 ;
b10000 :
b11000101111000101000101110001011 =
b11110 <
1>
b10110001001000110000011101100010 2
b11101110010111011010110111011100 1
b11101 4
b10000 3
b11000101111000101000101110001011 6
b11110 5
17
b1011110 *
1&
#1930000
0&
#1935000
b10110001001000110000011101100010 !
b10110001001000110000011101100010 /
b11101110010111011010110111011100 "
b11101110010111011010110111011100 0
b11101 $
b11101 ,
b10000 #
b10000 +
b11000101111000101000101110001011 '
b11000101111000101000101110001011 .
b11110 %
b11110 -
1(
1&
#1940000
0&
#1945000
b11000111011001011010100110001110 9
b10111100110100011000011101111001 8
b1010 ;
b11 :
b1100010111011001101101011000101 =
b11100 <
0>
b11000111011001011010100110001110 2
b10111100110100011000011101111001 1
b1010 4
b11 3
b1100010111011001101101011000101 6
b11100 5
07
b1011111 *
1&
#1950000
0&
#1955000
b11000111011001011010100110001110 !
b11000111011001011010100110001110 /
b10111100110100011000011101111001 "
b10111100110100011000011101111001 0
b1010 $
b1010 ,
b11 #
b11 +
b1100010111011001101101011000101 '
b1100010111011001101101011000101 .
b11100 %
b11100 -
0(
1&
#1960000
0&
#1965000
b0 9
b11010110101101000000001110101101 8
b0 ;
b11111 :
b1110100110110000110111011101001 =
b11010 <
b0 2
b11010110101101000000001110101101 1
b0 4
b11111 3
b1110100110110000110111011101001 6
b11010 5
b1100000 *
1&
#1970000
0&
#1975000
b0 !
b0 /
b11010110101101000000001110101101 "
b11010110101101000000001110101101 0
b0 $
b0 ,
b11111 #
b11111 +
b1110100110110000110111011101001 '
b1110100110110000110111011101001 .
b11010 %
b11010 -
1&
#1980000
0&
#1985000
b1101101010100110110110011011010 8
b10110 ;
b1110 :
b1001010101101000111110010010101 =
b11110 <
b1101101010100110110110011011010 1
b10110 4
b1110 3
b1001010101101000111110010010101 6
b11110 5
b1100001 *
1&
#1990000
0&
#1995000
b1101101010100110110110011011010 "
b1101101010100110110110011011010 0
b10110 $
b10110 ,
b1110 #
b1110 +
b1001010101101000111110010010101 '
b1001010101101000111110010010101 .
b11110 %
b11110 -
1&
#2000000
0&
#2005000
b1101101010100110110110011011010 9
b1011011010001100001101010110110 8
b1110 ;
b10010 :
b10110010001011110111110101100100 =
b10 <
b1101101010100110110110011011010 2
b1011011010001100001101010110110 1
b1110 4
b10010 3
b10110010001011110111110101100100 6
b10 5
b1100010 *
1&
#2010000
0&
#2015000
b1101101010100110110110011011010 !
b1101101010100110110110011011010 /
b1011011010001100001101010110110 "
b1011011010001100001101010110110 0
b1110 $
b1110 ,
b10010 #
b10010 +
b10110010001011110111110101100100 '
b10110010001011110111110101100100 .
b10 %
b10 -
1&
#2020000
0&
#2025000
b0 9
b10110001001000110000011101100010 8
b10110 ;
b11101 :
b11000000101010101111010110000001 =
b10110 <
b0 2
b10110001001000110000011101100010 1
b10110 4
b11101 3
b11000000101010101111010110000001 6
b10110 5
b1100011 *
1&
#2030000
0&
#2035000
b0 !
b0 /
b10110001001000110000011101100010 "
b10110001001000110000011101100010 0
b10110 $
b10110 ,
b11101 #
b11101 +
b11000000101010101111010110000001 '
b11000000101010101111010110000001 .
b10110 %
b10110 -
1&
#2040000
0&
#2045000
b110000101111001110111001100001 8
b111 ;
b1111 :
b10000111100111111100001100001111 =
b1010 <
1>
b110000101111001110111001100001 1
b111 4
b1111 3
b10000111100111111100001100001111 6
b1010 5
17
b1100100 *
1&
#2050000
0&
#2055000
b110000101111001110111001100001 "
b110000101111001110111001100001 0
b111 $
b111 ,
b1111 #
b1111 +
b10000111100111111100001100001111 '
b10000111100111111100001100001111 .
b1010 %
b1010 -
1(
1&
#2060000
0&
#2065000
b11000101111000101000101110001011 9
b10000111100111111100001100001111 8
b11110 ;
b1010 :
b10011110011001100100110100111100 =
b1110 <
b11000101111000101000101110001011 2
b10000111100111111100001100001111 1
b11110 4
b1010 3
b10011110011001100100110100111100 6
b1110 5
b1100101 *
1&
#2070000
0&
#2075000
b11000101111000101000101110001011 !
b11000101111000101000101110001011 /
b10000111100111111100001100001111 "
b10000111100111111100001100001111 0
b11110 $
b11110 ,
b1010 #
b1010 +
b10011110011001100100110100111100 '
b10011110011001100100110100111100 .
b1110 %
b1110 -
1&
#2080000
0&
#2085000
b1110000101100010100111011100001 9
b11110010111110000000000 8
b10001 ;
b11011 :
b10100101000000101001101101001010 =
b1010 <
0>
b1110000101100010100111011100001 2
b11110010111110000000000 1
b10001 4
b11011 3
b10100101000000101001101101001010 6
b1010 5
07
b1100110 *
1&
#2090000
0&
#2095000
b1110000101100010100111011100001 !
b1110000101100010100111011100001 /
b11110010111110000000000 "
b11110010111110000000000 0
b10001 $
b10001 ,
b11011 #
b11011 +
b10100101000000101001101101001010 '
b10100101000000101001101101001010 .
b1010 %
b1010 -
0(
1&
#2100000
0&
#2105000
b0 9
b11100100000010001001000111001 8
b1001 ;
b1011 :
b10101000110001100010011101010001 =
b10110 <
1>
b0 2
b11100100000010001001000111001 1
b1001 4
b1011 3
b10101000110001100010011101010001 6
b10110 5
17
b1100111 *
1&
#2110000
0&
#2115000
b0 !
b0 /
b11100100000010001001000111001 "
b11100100000010001001000111001 0
b1001 $
b1001 ,
b1011 #
b1011 +
b10101000110001100010011101010001 '
b10101000110001100010011101010001 .
b10110 %
b10110 -
1(
1&
#2120000
0&
#2125000
b1011011010001100001101010110110 9
b10011110011001100100110100111100 8
b10010 ;
b1110 :
b10110001011111000000011101100010 =
b111 <
0>
b1011011010001100001101010110110 2
b10011110011001100100110100111100 1
b10010 4
b1110 3
b10110001011111000000011101100010 6
b111 5
07
b1101000 *
1&
#2130000
0&
#2135000
b1011011010001100001101010110110 !
b1011011010001100001101010110110 /
b10011110011001100100110100111100 "
b10011110011001100100110100111100 0
b10010 $
b10010 ,
b1110 #
b1110 +
b10110001011111000000011101100010 '
b10110001011111000000011101100010 .
b111 %
b111 -
0(
1&
#2140000
0&
#2145000
b11011100011110001011000110111000 9
b11000101111000101000101110001011 8
b1100 ;
b11110 :
b11110010110000111010001111100101 =
b10101 <
b11011100011110001011000110111000 2
b11000101111000101000101110001011 1
b1100 4
b11110 3
b11110010110000111010001111100101 6
b10101 5
b1101001 *
1&
#2150000
0&
#2155000
b11011100011110001011000110111000 !
b11011100011110001011000110111000 /
b11000101111000101000101110001011 "
b11000101111000101000101110001011 0
b1100 $
b1100 ,
b11110 #
b11110 +
b11110010110000111010001111100101 '
b11110010110000111010001111100101 .
b10101 %
b10101 -
1&
#2160000
0&
#2165000
b10111111010110101001101101111110 9
b11011100011110001011000110111000 8
b10111 ;
b1100 :
b1101101101001110001110011011011 =
b11010 <
b10111111010110101001101101111110 2
b11011100011110001011000110111000 1
b10111 4
b1100 3
b1101101101001110001110011011011 6
b11010 5
b1101010 *
1&
#2170000
0&
#2175000
b10111111010110101001101101111110 !
b10111111010110101001101101111110 /
b11011100011110001011000110111000 "
b11011100011110001011000110111000 0
b10111 $
b10111 ,
b1100 #
b1100 +
b1101101101001110001110011011011 '
b1101101101001110001110011011011 .
b11010 %
b11010 -
1&
#2180000
0&
#2185000
b10110001001000110000011101100010 9
b111011010001011110001001110110 8
b11101 ;
b110 :
b11011110100110000011110110111101 =
b1010 <
b10110001001000110000011101100010 2
b111011010001011110001001110110 1
b11101 4
b110 3
b11011110100110000011110110111101 6
b1010 5
b1101011 *
1&
#2190000
0&
#2195000
b10110001001000110000011101100010 !
b10110001001000110000011101100010 /
b111011010001011110001001110110 "
b111011010001011110001001110110 0
b11101 $
b11101 ,
b110 #
b110 +
b11011110100110000011110110111101 '
b11011110100110000011110110111101 .
b1010 %
b1010 -
1&
#2200000
0&
#2205000
b11010110101101000000001110101101 9
b0 8
b11111 ;
b111 :
b10010100111010101100000100101 =
b111 <
b11010110101101000000001110101101 2
b0 1
b11111 4
b111 3
b10010100111010101100000100101 6
b111 5
b1101100 *
1&
#2210000
0&
#2215000
b11010110101101000000001110101101 !
b11010110101101000000001110101101 /
b0 "
b0 0
b11111 $
b11111 ,
b111 #
b111 +
b10010100111010101100000100101 '
b10010100111010101100000100101 .
b111 %
b111 -
1&
#2220000
0&
#2225000
b11100100000010001001000111001 9
b10001001111111110100000100010011 8
b1011 ;
b11100 :
b10111100101100111010101101111001 =
b10010 <
b11100100000010001001000111001 2
b10001001111111110100000100010011 1
b1011 4
b11100 3
b10111100101100111010101101111001 6
b10010 5
b1101101 *
1&
#2230000
0&
#2235000
b11100100000010001001000111001 !
b11100100000010001001000111001 /
b10001001111111110100000100010011 "
b10001001111111110100000100010011 0
b1011 $
b1011 ,
b11100 #
b11100 +
b10111100101100111010101101111001 '
b10111100101100111010101101111001 .
b10010 %
b10010 -
1&
#2240000
0&
#2245000
b10110001001000110000011101100010 9
b11011100011110001011000110111000 8
b11101 ;
b1100 :
b10000110011100010000001100001100 =
b111 <
b10110001001000110000011101100010 2
b11011100011110001011000110111000 1
b11101 4
b1100 3
b10000110011100010000001100001100 6
b111 5
b1101110 *
1&
#2250000
0&
#2255000
b10110001001000110000011101100010 !
b10110001001000110000011101100010 /
b11011100011110001011000110111000 "
b11011100011110001011000110111000 0
b11101 $
b11101 ,
b1100 #
b1100 +
b10000110011100010000001100001100 '
b10000110011100010000001100001100 .
b111 %
b111 -
1&
#2260000
0&
#2265000
b0 9
b11010110101101000000001110101101 8
b111 ;
b11111 :
b1011001101110001100000010110011 =
b11011 <
b0 2
b11010110101101000000001110101101 1
b111 4
b11111 3
b1011001101110001100000010110011 6
b11011 5
b1101111 *
1&
#2270000
0&
#2275000
b0 !
b0 /
b11010110101101000000001110101101 "
b11010110101101000000001110101101 0
b111 $
b111 ,
b11111 #
b11111 +
b1011001101110001100000010110011 '
b1011001101110001100000010110011 .
b11011 %
b11011 -
1&
#2280000
0&
#2285000
b11101110010111011010110111011100 9
b1011100111100000000000010111001 8
b10000 ;
b1 :
b10000001011100101001001100000010 =
b11 <
1>
b11101110010111011010110111011100 2
b1011100111100000000000010111001 1
b10000 4
b1 3
b10000001011100101001001100000010 6
b11 5
17
b1110000 *
1&
#2290000
0&
#2295000
b11101110010111011010110111011100 !
b11101110010111011010110111011100 /
b1011100111100000000000010111001 "
b1011100111100000000000010111001 0
b10000 $
b10000 ,
b1 #
b1 +
b10000001011100101001001100000010 '
b10000001011100101001001100000010 .
b11 %
b11 -
1(
1&
#2300000
0&
#2305000
b1010101010110111011110010101010 9
b0 8
b11000 ;
b0 :
b11011100011110010101000110111000 =
b10000 <
b1010101010110111011110010101010 2
b0 1
b11000 4
b0 3
b11011100011110010101000110111000 6
b10000 5
b1110001 *
1&
#2310000
0&
#2315000
b1010101010110111011110010101010 !
b1010101010110111011110010101010 /
b0 "
b0 0
b11000 $
b11000 ,
b0 #
b0 +
b11011100011110010101000110111000 '
b11011100011110010101000110111000 .
b10000 %
b10000 -
1&
#2320000
0&
#2325000
b10000010011101001001101100000100 9
b11010110101101000000001110101101 8
b100 ;
b11111 :
b11001000010110010000100110010000 =
b11110 <
0>
b10000010011101001001101100000100 2
b11010110101101000000001110101101 1
b100 4
b11111 3
b11001000010110010000100110010000 6
b11110 5
07
b1110010 *
1&
#2330000
0&
#2335000
b10000010011101001001101100000100 !
b10000010011101001001101100000100 /
b11010110101101000000001110101101 "
b11010110101101000000001110101101 0
b100 $
b100 ,
b11111 #
b11111 +
b11001000010110010000100110010000 '
b11001000010110010000100110010000 .
b11110 %
b11110 -
0(
1&
#2340000
0&
#2345000
b0 9
b0 8
b111 ;
b0 :
b10010010101010010000001100100101 =
b100 <
1>
b0 2
b0 1
b111 4
b0 3
b10010010101010010000001100100101 6
b100 5
17
b1110011 *
1&
#2350000
0&
#2355000
b0 !
b0 /
b0 "
b0 0
b111 $
b111 ,
b0 #
b0 +
b10010010101010010000001100100101 '
b10010010101010010000001100100101 .
b100 %
b100 -
1(
1&
#2360000
0&
#2365000
b10001001111111110100000100010011 9
b10000001011100101001001100000010 8
b11100 ;
b11 :
b11011110001001010101000110111100 =
b10 <
b10001001111111110100000100010011 2
b10000001011100101001001100000010 1
b11100 4
b11 3
b11011110001001010101000110111100 6
b10 5
b1110100 *
1&
#2370000
0&
#2375000
b10001001111111110100000100010011 !
b10001001111111110100000100010011 /
b10000001011100101001001100000010 "
b10000001011100101001001100000010 0
b11100 $
b11100 ,
b11 #
b11 +
b11011110001001010101000110111100 '
b11011110001001010101000110111100 .
b10 %
b10 -
1&
#2380000
0&
#2385000
b11010110101101000000001110101101 9
b110000101111001110111001100001 8
b11111 ;
b1111 :
b10100110101111110011111101001101 =
b1010 <
b11010110101101000000001110101101 2
b110000101111001110111001100001 1
b11111 4
b1111 3
b10100110101111110011111101001101 6
b1010 5
b1110101 *
1&
#2390000
0&
#2395000
b11010110101101000000001110101101 !
b11010110101101000000001110101101 /
b110000101111001110111001100001 "
b110000101111001110111001100001 0
b11111 $
b11111 ,
b1111 #
b1111 +
b10100110101111110011111101001101 '
b10100110101111110011111101001101 .
b1010 %
b1010 -
1&
#2400000
0&
#2405000
b11100100000010001001000111001 9
b11110010111110000000000 8
b1011 ;
b11011 :
b110101010110001010011001101010 =
b1001 <
0>
b11100100000010001001000111001 2
b11110010111110000000000 1
b1011 4
b11011 3
b110101010110001010011001101010 6
b1001 5
07
b1110110 *
1&
#2410000
0&
#2415000
b11100100000010001001000111001 !
b11100100000010001001000111001 /
b11110010111110000000000 "
b11110010111110000000000 0
b1011 $
b1011 ,
b11011 #
b11011 +
b110101010110001010011001101010 '
b110101010110001010011001101010 .
b1001 %
b1001 -
0(
1&
#2420000
0&
#2425000
b0 9
b0 8
b1001 ;
b0 :
b10100011010000000000101101000110 =
b1111 <
b0 2
b0 1
b1001 4
b0 3
b10100011010000000000101101000110 6
b1111 5
b1110111 *
1&
#2430000
0&
#2435000
b0 !
b0 /
b0 "
b0 0
b1001 $
b1001 ,
b0 #
b0 +
b10100011010000000000101101000110 '
b10100011010000000000101101000110 .
b1111 %
b1111 -
1&
#2440000
0&
#2445000
b11111010100011000101100111110101 9
b111011010001011110001001110110 8
b101 ;
b110 :
b10100010110101011111000101000101 =
b11011 <
b11111010100011000101100111110101 2
b111011010001011110001001110110 1
b101 4
b110 3
b10100010110101011111000101000101 6
b11011 5
b1111000 *
1&
#2450000
0&
#2455000
b11111010100011000101100111110101 !
b11111010100011000101100111110101 /
b111011010001011110001001110110 "
b111011010001011110001001110110 0
b101 $
b101 ,
b110 #
b110 +
b10100010110101011111000101000101 '
b10100010110101011111000101000101 .
b11011 %
b11011 -
1&
#2460000
0&
#2465000
b1010000101111000101111010100001 9
b0 8
b10101 ;
b1001 :
b1111011000111110010000011110 =
b110 <
b1010000101111000101111010100001 2
b0 1
b10101 4
b1001 3
b1111011000111110010000011110 6
b110 5
b1111001 *
1&
#2470000
0&
#2475000
b1010000101111000101111010100001 !
b1010000101111000101111010100001 /
b0 "
b0 0
b10101 $
b10101 ,
b1001 #
b1001 +
b1111011000111110010000011110 '
b1111011000111110010000011110 .
b110 %
b110 -
1&
#2480000
0&
#2485000
b10101000110001100010011101010001 9
b10110001001000110000011101100010 8
b10110 ;
b11101 :
b11010101100001100001111110101011 =
b11011 <
1>
b10101000110001100010011101010001 2
b10110001001000110000011101100010 1
b10110 4
b11101 3
b11010101100001100001111110101011 6
b11011 5
17
b1111010 *
1&
#2490000
0&
#2495000
b10101000110001100010011101010001 !
b10101000110001100010011101010001 /
b10110001001000110000011101100010 "
b10110001001000110000011101100010 0
b10110 $
b10110 ,
b11101 #
b11101 +
b11010101100001100001111110101011 '
b11010101100001100001111110101011 .
b11011 %
b11011 -
1(
1&
#2500000
0&
#2505000
b11010110101101000000001110101101 9
b1010101010110111011110010101010 8
b11111 ;
b11000 :
b11000110110101101010011110001101 =
b100 <
b11010110101101000000001110101101 2
b1010101010110111011110010101010 1
b11111 4
b11000 3
b11000110110101101010011110001101 6
b100 5
b1111011 *
1&
#2510000
0&
#2515000
b11010110101101000000001110101101 !
b11010110101101000000001110101101 /
b1010101010110111011110010101010 "
b1010101010110111011110010101010 0
b11111 $
b11111 ,
b11000 #
b11000 +
b11000110110101101010011110001101 '
b11000110110101101010011110001101 .
b100 %
b100 -
1&
#2520000
0&
#2525000
b10000001011100101001001100000010 9
b11100100111000010110010111001001 8
b11 ;
b11010 :
b10001100100101111000110100011001 =
b1010 <
b10000001011100101001001100000010 2
b11100100111000010110010111001001 1
b11 4
b11010 3
b10001100100101111000110100011001 6
b1010 5
b1111100 *
1&
#2530000
0&
#2535000
b10000001011100101001001100000010 !
b10000001011100101001001100000010 /
b11100100111000010110010111001001 "
b11100100111000010110010111001001 0
b11 $
b11 ,
b11010 #
b11010 +
b10001100100101111000110100011001 '
b10001100100101111000110100011001 .
b1010 %
b1010 -
1&
#2540000
0&
#2545000
b11011100011110010101000110111000 9
b1010000101111000101111010100001 8
b10000 ;
b10101 :
b11100010000001010110101111000100 =
b101 <
0>
b11011100011110010101000110111000 2
b1010000101111000101111010100001 1
b10000 4
b10101 3
b11100010000001010110101111000100 6
b101 5
07
b1111101 *
1&
#2550000
0&
#2555000
b11011100011110010101000110111000 !
b11011100011110010101000110111000 /
b1010000101111000101111010100001 "
b1010000101111000101111010100001 0
b10000 $
b10000 ,
b10101 #
b10101 +
b11100010000001010110101111000100 '
b11100010000001010110101111000100 .
b101 %
b101 -
0(
1&
#2560000
0&
#2565000
b1110000101100010100111011100001 9
b11100100111000010110010111001001 8
b10001 ;
b11010 :
b1100010111100000110011011000101 =
b10001 <
b1110000101100010100111011100001 2
b11100100111000010110010111001001 1
b10001 4
b11010 3
b1100010111100000110011011000101 6
b10001 5
b1111110 *
1&
#2570000
0&
#2575000
b1110000101100010100111011100001 !
b1110000101100010100111011100001 /
b11100100111000010110010111001001 "
b11100100111000010110010111001001 0
b10001 $
b10001 ,
b11010 #
b11010 +
b1100010111100000110011011000101 '
b1100010111100000110011011000101 .
b10001 %
b10001 -
1&
#2580000
0&
#2585000
b10001001111111110100000100010011 9
b10011110011001100100110100111100 8
b11100 ;
b1110 :
b10000110001100110110001100001100 =
b11011 <
1>
b10001001111111110100000100010011 2
b10011110011001100100110100111100 1
b11100 4
b1110 3
b10000110001100110110001100001100 6
b11011 5
17
b1111111 *
1&
#2590000
0&
#2595000
b10001001111111110100000100010011 !
b10001001111111110100000100010011 /
b10011110011001100100110100111100 "
b10011110011001100100110100111100 0
b11100 $
b11100 ,
b1110 #
b1110 +
b10000110001100110110001100001100 '
b10000110001100110110001100001100 .
b11011 %
b11011 -
1(
1&
#2600000
0&
#2605000
b10101000110001100010011101010001 9
b1010101010110111011110010101010 8
b10110 ;
b11000 :
b11111001001011000000001111110010 =
b11111 <
b10101000110001100010011101010001 2
b1010101010110111011110010101010 1
b10110 4
b11000 3
b11111001001011000000001111110010 6
b11111 5
b10000000 *
1&
#2610000
0&
#2615000
b10101000110001100010011101010001 !
b10101000110001100010011101010001 /
b1010101010110111011110010101010 "
b1010101010110111011110010101010 0
b10110 $
b10110 ,
b11000 #
b11000 +
b11111001001011000000001111110010 '
b11111001001011000000001111110010 .
b11111 %
b11111 -
1&
#2620000
0&
#2625000
b10001001111111110100000100010011 9
b11011110001001010101000110111100 8
b11100 ;
b10 :
b10110100010011011100000101101000 =
b1010 <
b10001001111111110100000100010011 2
b11011110001001010101000110111100 1
b11100 4
b10 3
b10110100010011011100000101101000 6
b1010 5
b10000001 *
1&
#2630000
0&
#2635000
b10001001111111110100000100010011 !
b10001001111111110100000100010011 /
b11011110001001010101000110111100 "
b11011110001001010101000110111100 0
b11100 $
b11100 ,
b10 #
b10 +
b10110100010011011100000101101000 '
b10110100010011011100000101101000 .
b1010 %
b1010 -
1&
#2640000
0&
#2645000
b1010101010110111011110010101010 9
b1010000101111000101111010100001 8
b11000 ;
b10101 :
b1000000001110110011111010000000 =
b1 <
b1010101010110111011110010101010 2
b1010000101111000101111010100001 1
b11000 4
b10101 3
b1000000001110110011111010000000 6
b1 5
b10000010 *
1&
#2650000
0&
#2655000
b1010101010110111011110010101010 !
b1010101010110111011110010101010 /
b1010000101111000101111010100001 "
b1010000101111000101111010100001 0
b11000 $
b11000 ,
b10101 #
b10101 +
b1000000001110110011111010000000 '
b1000000001110110011111010000000 .
b1 %
b1 -
1&
#2660000
0&
#2665000
b0 9
b1011000011010100110101010110000 8
b111 ;
b10011 :
b10011011001101101000101100110110 =
b10101 <
0>
b0 2
b1011000011010100110101010110000 1
b111 4
b10011 3
b10011011001101101000101100110110 6
b10101 5
07
b10000011 *
1&
#2670000
0&
#2675000
b0 !
b0 /
b1011000011010100110101010110000 "
b1011000011010100110101010110000 0
b111 $
b111 ,
b10011 #
b10011 +
b10011011001101101000101100110110 '
b10011011001101101000101100110110 .
b10101 %
b10101 -
0(
1&
#2680000
0&
#2685000
b11011110001001010101000110111100 9
b10001001111111110100000100010011 8
b10 ;
b11100 :
b1010101011111111110110010101010 =
b1 <
b11011110001001010101000110111100 2
b10001001111111110100000100010011 1
b10 4
b11100 3
b1010101011111111110110010101010 6
b1 5
b10000100 *
1&
#2690000
0&
#2695000
b11011110001001010101000110111100 !
b11011110001001010101000110111100 /
b10001001111111110100000100010011 "
b10001001111111110100000100010011 0
b10 $
b10 ,
b11100 #
b11100 +
b1010101011111111110110010101010 '
b1010101011111111110110010101010 .
b1 %
b1 -
1&
#2700000
0&
#2705000
b110111010110011110101001101110 9
b10000110001100110110001100001100 8
b1101 ;
b11011 :
b11111101111111101000111111111011 =
b111 <
1>
b110111010110011110101001101110 2
b10000110001100110110001100001100 1
b1101 4
b11011 3
b11111101111111101000111111111011 6
b111 5
17
b10000101 *
1&
#2710000
0&
#2715000
b110111010110011110101001101110 !
b110111010110011110101001101110 /
b10000110001100110110001100001100 "
b10000110001100110110001100001100 0
b1101 $
b1101 ,
b11011 #
b11011 +
b11111101111111101000111111111011 '
b11111101111111101000111111111011 .
b111 %
b111 -
1(
1&
#2720000
0&
#2725000
b1010011000111011111111010100110 9
b1000 ;
b11110101111110110010000111101011 =
b1100 <
b1010011000111011111111010100110 2
b1000 4
b11110101111110110010000111101011 6
b1100 5
b10000110 *
1&
#2730000
0&
#2735000
b1010011000111011111111010100110 !
b1010011000111011111111010100110 /
b1000 $
b1000 ,
b11110101111110110010000111101011 '
b11110101111110110010000111101011 .
b1100 %
b1100 -
1&
#2740000
0&
#2745000
b110111010110011110101001101110 9
b110111010110011110101001101110 8
b1101 ;
b1101 :
b1011000010001100010101010110000 =
b1011 <
0>
b110111010110011110101001101110 2
b110111010110011110101001101110 1
b1101 4
b1101 3
b1011000010001100010101010110000 6
b1011 5
07
b10000111 *
1&
#2750000
0&
#2755000
b110111010110011110101001101110 !
b110111010110011110101001101110 /
b110111010110011110101001101110 "
b110111010110011110101001101110 0
b1101 $
b1101 ,
b1101 #
b1101 +
b1011000010001100010101010110000 '
b1011000010001100010101010110000 .
b1011 %
b1011 -
0(
1&
#2760000
0&
#2765000
b0 9
b0 ;
b10111000111001101010011101110001 =
b10001 <
b0 2
b0 4
b10111000111001101010011101110001 6
b10001 5
b10001000 *
1&
#2770000
0&
#2775000
b0 !
b0 /
b0 $
b0 ,
b10111000111001101010011101110001 '
b10111000111001101010011101110001 .
b10001 %
b10001 -
1&
#2780000
0&
#2785000
b1110000101100010100111011100001 8
b11001 ;
b10001 :
b10000010101111010100001100000101 =
b11100 <
b1110000101100010100111011100001 1
b11001 4
b10001 3
b10000010101111010100001100000101 6
b11100 5
b10001001 *
1&
#2790000
0&
#2795000
b1110000101100010100111011100001 "
b1110000101100010100111011100001 0
b11001 $
b11001 ,
b10001 #
b10001 +
b10000010101111010100001100000101 '
b10000010101111010100001100000101 .
b11100 %
b11100 -
1&
#2800000
0&
#2805000
b1011000011010100110101010110000 8
b0 ;
b10011 :
b110010110100010100101001100101 =
b10 <
b1011000011010100110101010110000 1
b0 4
b10011 3
b110010110100010100101001100101 6
b10 5
b10001010 *
1&
#2810000
0&
#2815000
b1011000011010100110101010110000 "
b1011000011010100110101010110000 0
b0 $
b0 ,
b10011 #
b10011 +
b110010110100010100101001100101 '
b110010110100010100101001100101 .
b10 %
b10 -
1&
#2820000
0&
#2825000
b11111101111111101000111111111011 9
b10011110011001100100110100111100 8
b111 ;
b1110 :
b11111011110100000111000111110 =
b1111 <
b11111101111111101000111111111011 2
b10011110011001100100110100111100 1
b111 4
b1110 3
b11111011110100000111000111110 6
b1111 5
b10001011 *
1&
#2830000
0&
#2835000
b11111101111111101000111111111011 !
b11111101111111101000111111111011 /
b10011110011001100100110100111100 "
b10011110011001100100110100111100 0
b111 $
b111 ,
b1110 #
b1110 +
b11111011110100000111000111110 '
b11111011110100000111000111110 .
b1111 %
b1111 -
1&
#2840000
0&
#2845000
b11110101111110110010000111101011 9
b111011010001011110001001110110 8
b1100 ;
b110 :
b10001001000101100100110100010010 =
b0 <
1>
b11110101111110110010000111101011 2
b111011010001011110001001110110 1
b1100 4
b110 3
b10001001000101100100110100010010 6
b0 5
17
b10001100 *
1&
#2850000
0&
#2855000
b11110101111110110010000111101011 !
b11110101111110110010000111101011 /
b111011010001011110001001110110 "
b111011010001011110001001110110 0
b1100 $
b1100 ,
b110 #
b110 +
b10001001000101100100110100010010 '
b10001001000101100100110100010010 .
b0 %
b0 -
1(
1&
#2860000
0&
#2865000
b111011010001011110001001110110 9
b11111001001011000000001111110010 8
b110 ;
b11111 :
b11111001100111110000100111110011 =
b10011 <
0>
b111011010001011110001001110110 2
b11111001001011000000001111110010 1
b110 4
b11111 3
b11111001100111110000100111110011 6
b10011 5
07
b10001101 *
1&
#2870000
0&
#2875000
b111011010001011110001001110110 !
b111011010001011110001001110110 /
b11111001001011000000001111110010 "
b11111001001011000000001111110010 0
b110 $
b110 ,
b11111 #
b11111 +
b11111001100111110000100111110011 '
b11111001100111110000100111110011 .
b10011 %
b10011 -
0(
1&
#2880000
0&
#2885000
b10110100010011011100000101101000 9
b1011011010001100001101010110110 8
b1010 ;
b10010 :
b1010010001111011011000010100 =
b0 <
1>
b10110100010011011100000101101000 2
b1011011010001100001101010110110 1
b1010 4
b10010 3
b1010010001111011011000010100 6
b0 5
17
b10001110 *
1&
#2890000
0&
#2895000
b10110100010011011100000101101000 !
b10110100010011011100000101101000 /
b1011011010001100001101010110110 "
b1011011010001100001101010110110 0
b1010 $
b1010 ,
b10010 #
b10010 +
b1010010001111011011000010100 '
b1010010001111011011000010100 .
b0 %
b0 -
1(
1&
#2900000
0&
#2905000
b110000101111001110111001100001 9
b11011100011110010101000110111000 8
b1111 ;
b10000 :
b110101100001111100001001101011 =
b1100 <
0>
b110000101111001110111001100001 2
b11011100011110010101000110111000 1
b1111 4
b10000 3
b110101100001111100001001101011 6
b1100 5
07
b10001111 *
1&
#2910000
0&
#2915000
b110000101111001110111001100001 !
b110000101111001110111001100001 /
b11011100011110010101000110111000 "
b11011100011110010101000110111000 0
b1111 $
b1111 ,
b10000 #
b10000 +
b110101100001111100001001101011 '
b110101100001111100001001101011 .
b1100 %
b1100 -
0(
1&
#2920000
0&
#2925000
b11110101111110110010000111101011 9
b11100100000010001001000111001 8
b1100 ;
b1011 :
b11000010111000111011110110000101 =
b1110 <
1>
b11110101111110110010000111101011 2
b11100100000010001001000111001 1
b1100 4
b1011 3
b11000010111000111011110110000101 6
b1110 5
17
b10010000 *
1&
#2930000
0&
#2935000
b11110101111110110010000111101011 !
b11110101111110110010000111101011 /
b11100100000010001001000111001 "
b11100100000010001001000111001 0
b1100 $
b1100 ,
b1011 #
b1011 +
b11000010111000111011110110000101 '
b11000010111000111011110110000101 .
b1110 %
b1110 -
1(
1&
#2940000
0&
#2945000
b1010000101111000101111010100001 9
b1011000011010100110101010110000 8
b10101 ;
b10011 :
b10011110011101001100101100111100 =
b100 <
0>
b1010000101111000101111010100001 2
b1011000011010100110101010110000 1
b10101 4
b10011 3
b10011110011101001100101100111100 6
b100 5
07
b10010001 *
1&
#2950000
0&
#2955000
b1010000101111000101111010100001 !
b1010000101111000101111010100001 /
b1011000011010100110101010110000 "
b1011000011010100110101010110000 0
b10101 $
b10101 ,
b10011 #
b10011 +
b10011110011101001100101100111100 '
b10011110011101001100101100111100 .
b100 %
b100 -
0(
1&
#2960000
0&
#2965000
b10110001001000110000011101100010 9
b11101 ;
b11101110011011010010001111011100 =
b0 <
1>
b10110001001000110000011101100010 2
b11101 4
b11101110011011010010001111011100 6
b0 5
17
b10010010 *
1&
#2970000
0&
#2975000
b10110001001000110000011101100010 !
b10110001001000110000011101100010 /
b11101 $
b11101 ,
b11101110011011010010001111011100 '
b11101110011011010010001111011100 .
b0 %
b0 -
1(
1&
#2980000
0&
#2985000
b1010000101111000101111010100001 9
b10110100010011011100000101101000 8
b10101 ;
b1010 :
b11111100011011101001000111111000 =
b10100 <
b1010000101111000101111010100001 2
b10110100010011011100000101101000 1
b10101 4
b1010 3
b11111100011011101001000111111000 6
b10100 5
b10010011 *
1&
#2990000
0&
#2995000
b1010000101111000101111010100001 !
b1010000101111000101111010100001 /
b10110100010011011100000101101000 "
b10110100010011011100000101101000 0
b10101 $
b10101 ,
b1010 #
b1010 +
b11111100011011101001000111111000 '
b11111100011011101001000111111000 .
b10100 %
b10100 -
1&
#3000000
0&
#3005000
b1011011010001100001101010110110 9
b110000101111001110111001100001 8
b10010 ;
b1111 :
b1000011101111101001001010000111 =
b10101 <
b1011011010001100001101010110110 2
b110000101111001110111001100001 1
b10010 4
b1111 3
b1000011101111101001001010000111 6
b10101 5
b10010100 *
1&
#3010000
0&
#3015000
b1011011010001100001101010110110 !
b1011011010001100001101010110110 /
b110000101111001110111001100001 "
b110000101111001110111001100001 0
b10010 $
b10010 ,
b1111 #
b1111 +
b1000011101111101001001010000111 '
b1000011101111101001001010000111 .
b10101 %
b10101 -
1&
#3020000
0&
#3025000
b11011100011110010101000110111000 9
b1000000001110110011111010000000 8
b10000 ;
b1 :
b11000110101110011100000110001 =
b110 <
0>
b11011100011110010101000110111000 2
b1000000001110110011111010000000 1
b10000 4
b1 3
b11000110101110011100000110001 6
b110 5
07
b10010101 *
1&
#3030000
0&
#3035000
b11011100011110010101000110111000 !
b11011100011110010101000110111000 /
b1000000001110110011111010000000 "
b1000000001110110011111010000000 0
b10000 $
b10000 ,
b1 #
b1 +
b11000110101110011100000110001 '
b11000110101110011100000110001 .
b110 %
b110 -
0(
1&
#3040000
0&
#3045000
b1000011101111101001001010000111 9
b0 8
b10101 ;
b11001 :
b10100000001100010000011101000000 =
b10001 <
1>
b1000011101111101001001010000111 2
b0 1
b10101 4
b11001 3
b10100000001100010000011101000000 6
b10001 5
17
b10010110 *
1&
#3050000
0&
#3055000
b1000011101111101001001010000111 !
b1000011101111101001001010000111 /
b0 "
b0 0
b10101 $
b10101 ,
b11001 #
b11001 +
b10100000001100010000011101000000 '
b10100000001100010000011101000000 .
b10001 %
b10001 -
1(
1&
#3060000
0&
#3065000
b110111010110011110101001101110 9
b11000010111000111011110110000101 8
b1101 ;
b1110 :
b1100001111000111000011011000011 =
0>
b110111010110011110101001101110 2
b11000010111000111011110110000101 1
b1101 4
b1110 3
b1100001111000111000011011000011 6
07
b10010111 *
1&
#3070000
0&
#3075000
b110111010110011110101001101110 !
b110111010110011110101001101110 /
b11000010111000111011110110000101 "
b11000010111000111011110110000101 0
b1101 $
b1101 ,
b1110 #
b1110 +
b1100001111000111000011011000011 '
b1100001111000111000011011000011 .
0(
1&
#3080000
0&
#3085000
b11100100111000010110010111001001 9
b1011011010001100001101010110110 8
b11010 ;
b10010 :
b101111111011010010011001011111 =
b10010 <
b11100100111000010110010111001001 2
b1011011010001100001101010110110 1
b11010 4
b10010 3
b101111111011010010011001011111 6
b10010 5
b10011000 *
1&
#3090000
0&
#3095000
b11100100111000010110010111001001 !
b11100100111000010110010111001001 /
b1011011010001100001101010110110 "
b1011011010001100001101010110110 0
b11010 $
b11010 ,
b10010 #
b10010 +
b101111111011010010011001011111 '
b101111111011010010011001011111 .
b10010 %
b10010 -
1&
#3100000
0&
#3105000
b1010011000111011111111010100110 9
b11110101111110110010000111101011 8
b1000 ;
b1100 :
b11100100111100101011110111001001 =
1>
b1010011000111011111111010100110 2
b11110101111110110010000111101011 1
b1000 4
b1100 3
b11100100111100101011110111001001 6
17
b10011001 *
1&
#3110000
0&
#3115000
b1010011000111011111111010100110 !
b1010011000111011111111010100110 /
b11110101111110110010000111101011 "
b11110101111110110010000111101011 0
b1000 $
b1000 ,
b1100 #
b1100 +
b11100100111100101011110111001001 '
b11100100111100101011110111001001 .
1(
1&
#3120000
0&
#3125000
b0 9
b10110001001000110000011101100010 8
b0 ;
b11101 :
b10010011111111010010000100100 =
b1100 <
b0 2
b10110001001000110000011101100010 1
b0 4
b11101 3
b10010011111111010010000100100 6
b1100 5
b10011010 *
1&
#3130000
0&
#3135000
b0 !
b0 /
b10110001001000110000011101100010 "
b10110001001000110000011101100010 0
b0 $
b0 ,
b11101 #
b11101 +
b10010011111111010010000100100 '
b10010011111111010010000100100 .
b1100 %
b1100 -
1&
#3140000
0&
#3145000
b1010011000111011111111010100110 9
b1011000011010100110101010110000 8
b1000 ;
b10011 :
b1101011111010111001000011010 =
b11011 <
b1010011000111011111111010100110 2
b1011000011010100110101010110000 1
b1000 4
b10011 3
b1101011111010111001000011010 6
b11011 5
b10011011 *
1&
#3150000
0&
#3155000
b1010011000111011111111010100110 !
b1010011000111011111111010100110 /
b1011000011010100110101010110000 "
b1011000011010100110101010110000 0
b1000 $
b1000 ,
b10011 #
b10011 +
b1101011111010111001000011010 '
b1101011111010111001000011010 .
b11011 %
b11011 -
1&
#3160000
0&
#3165000
b10101000110001100010011101010001 9
b11100100111000010110010111001001 8
b10110 ;
b11010 :
b1010001100010001001101010100011 =
b101 <
0>
b10101000110001100010011101010001 2
b11100100111000010110010111001001 1
b10110 4
b11010 3
b1010001100010001001101010100011 6
b101 5
07
b10011100 *
1&
#3170000
0&
#3175000
b10101000110001100010011101010001 !
b10101000110001100010011101010001 /
b11100100111000010110010111001001 "
b11100100111000010110010111001001 0
b10110 $
b10110 ,
b11010 #
b11010 +
b1010001100010001001101010100011 '
b1010001100010001001101010100011 .
b101 %
b101 -
0(
1&
#3180000
0&
#3185000
b10010011111111010010000100100 9
b11111010100011000101100111110101 8
b1100 ;
b101 :
b101010000100111000000001010100 =
b10000 <
1>
b10010011111111010010000100100 2
b11111010100011000101100111110101 1
b1100 4
b101 3
b101010000100111000000001010100 6
b10000 5
17
b10011101 *
1&
#3190000
0&
#3195000
b10010011111111010010000100100 !
b10010011111111010010000100100 /
b11111010100011000101100111110101 "
b11111010100011000101100111110101 0
b1100 $
b1100 ,
b101 #
b101 +
b101010000100111000000001010100 '
b101010000100111000000001010100 .
b10000 %
b10000 -
1(
1&
#3200000
0&
#3205000
b1000011101111101001001010000111 9
b11100100000010001001000111001 8
b10101 ;
b1011 :
b11111100000111011111001111111000 =
b11 <
b1000011101111101001001010000111 2
b11100100000010001001000111001 1
b10101 4
b1011 3
b11111100000111011111001111111000 6
b11 5
b10011110 *
1&
#3210000
0&
#3215000
b1000011101111101001001010000111 !
b1000011101111101001001010000111 /
b11100100000010001001000111001 "
b11100100000010001001000111001 0
b10101 $
b10101 ,
b1011 #
b1011 +
b11111100000111011111001111111000 '
b11111100000111011111001111111000 .
b11 %
b11 -
1&
#3220000
0&
#3225000
b110000101111001110111001100001 9
b1101011111010111001000011010 8
b1111 ;
b11011 :
b10011010101000001101110100110101 =
b11001 <
b110000101111001110111001100001 2
b1101011111010111001000011010 1
b1111 4
b11011 3
b10011010101000001101110100110101 6
b11001 5
b10011111 *
1&
#3230000
0&
#3235000
b110000101111001110111001100001 !
b110000101111001110111001100001 /
b1101011111010111001000011010 "
b1101011111010111001000011010 0
b1111 $
b1111 ,
b11011 #
b11011 +
b10011010101000001101110100110101 '
b10011010101000001101110100110101 .
b11001 %
b11001 -
1&
#3240000
0&
#3245000
b11000110110101101010011110001101 9
b110111010110011110101001101110 8
b100 ;
b1101 :
b1100001110001100010000011000 =
b11 <
b11000110110101101010011110001101 2
b110111010110011110101001101110 1
b100 4
b1101 3
b1100001110001100010000011000 6
b11 5
b10100000 *
1&
#3250000
0&
#3255000
b11000110110101101010011110001101 !
b11000110110101101010011110001101 /
b110111010110011110101001101110 "
b110111010110011110101001101110 0
b100 $
b100 ,
b1101 #
b1101 +
b1100001110001100010000011000 '
b1100001110001100010000011000 .
b11 %
b11 -
1&
#3260000
0&
#3265000
b0 9
b11100100111100101011110111001001 8
b0 ;
b10010 :
b10101010111100010111001101010101 =
b101 <
b0 2
b11100100111100101011110111001001 1
b0 4
b10010 3
b10101010111100010111001101010101 6
b101 5
b10100001 *
1&
#3270000
0&
#3275000
b0 !
b0 /
b11100100111100101011110111001001 "
b11100100111100101011110111001001 0
b0 $
b0 ,
b10010 #
b10010 +
b10101010111100010111001101010101 '
b10101010111100010111001101010101 .
b101 %
b101 -
1&
#3280000
0&
#3285000
b1000011101111101001001010000111 9
b11000101111000101000101110001011 8
b10101 ;
b11110 :
b10010100010001011011000100101000 =
b1101 <
0>
b1000011101111101001001010000111 2
b11000101111000101000101110001011 1
b10101 4
b11110 3
b10010100010001011011000100101000 6
b1101 5
07
b10100010 *
1&
#3290000
0&
#3295000
b1000011101111101001001010000111 !
b1000011101111101001001010000111 /
b11000101111000101000101110001011 "
b11000101111000101000101110001011 0
b10101 $
b10101 ,
b11110 #
b11110 +
b10010100010001011011000100101000 '
b10010100010001011011000100101000 .
b1101 %
b1101 -
0(
1&
#3300000
0&
#3305000
b10111111010110101001101101111110 9
b11100100111000010110010111001001 8
b10111 ;
b11010 :
b11101010001011000001001111010100 =
b11100 <
1>
b10111111010110101001101101111110 2
b11100100111000010110010111001001 1
b10111 4
b11010 3
b11101010001011000001001111010100 6
b11100 5
17
b10100011 *
1&
#3310000
0&
#3315000
b10111111010110101001101101111110 !
b10111111010110101001101101111110 /
b11100100111000010110010111001001 "
b11100100111000010110010111001001 0
b10111 $
b10111 ,
b11010 #
b11010 +
b11101010001011000001001111010100 '
b11101010001011000001001111010100 .
b11100 %
b11100 -
1(
1&
#3320000
0&
#3325000
b1010011000111011111111010100110 9
b1000 ;
b1000001101100000100010010000011 =
b0 <
b1010011000111011111111010100110 2
b1000 4
b1000001101100000100010010000011 6
b0 5
b10100100 *
1&
#3330000
0&
#3335000
b1010011000111011111111010100110 !
b1010011000111011111111010100110 /
b1000 $
b1000 ,
b1000001101100000100010010000011 '
b1000001101100000100010010000011 .
b0 %
b0 -
1&
#3340000
0&
#3345000
b11111101111111101000111111111011 9
b11111100011011101001000111111000 8
b111 ;
b10100 :
b111011101111000011111001110111 =
b10100 <
b11111101111111101000111111111011 2
b11111100011011101001000111111000 1
b111 4
b10100 3
b111011101111000011111001110111 6
b10100 5
b10100101 *
1&
#3350000
0&
#3355000
b11111101111111101000111111111011 !
b11111101111111101000111111111011 /
b11111100011011101001000111111000 "
b11111100011011101001000111111000 0
b111 $
b111 ,
b10100 #
b10100 +
b111011101111000011111001110111 '
b111011101111000011111001110111 .
b10100 %
b10100 -
1&
#3360000
0&
#3365000
b111011101111000011111001110111 "
b111011101111000011111001110111 0
b1011000011010100110101010110000 9
b10101010111100010111001101010101 8
b10011 ;
b101 :
b10110110000000010101100101101100 =
b11100 <
0>
b1011000011010100110101010110000 2
b10101010111100010111001101010101 1
b10011 4
b101 3
b10110110000000010101100101101100 6
b11100 5
07
b10100110 *
1&
#3370000
0&
#3375000
b1011000011010100110101010110000 !
b1011000011010100110101010110000 /
b10101010111100010111001101010101 "
b10101010111100010111001101010101 0
b10011 $
b10011 ,
b101 #
b101 +
b10110110000000010101100101101100 '
b10110110000000010101100101101100 .
b11100 %
b11100 -
0(
1&
#3380000
0&
#3385000
b111011010001011110001001110110 9
b0 8
b110 ;
b0 :
b1010111111000110001111010101111 =
b1011 <
b111011010001011110001001110110 2
b0 1
b110 4
b0 3
b1010111111000110001111010101111 6
b1011 5
b10100111 *
1&
#3390000
0&
#3395000
b111011010001011110001001110110 !
b111011010001011110001001110110 /
b0 "
b0 0
b110 $
b110 ,
b0 #
b0 +
b1010111111000110001111010101111 '
b1010111111000110001111010101111 .
b1011 %
b1011 -
1&
#3400000
0&
#3405000
b11100100111100101011110111001001 9
b11100100111000010110010111001001 8
b10010 ;
b11010 :
b1000010111010000111010010000101 =
b1101 <
b11100100111100101011110111001001 2
b11100100111000010110010111001001 1
b10010 4
b11010 3
b1000010111010000111010010000101 6
b1101 5
b10101000 *
1&
#3410000
0&
#3415000
b11100100111100101011110111001001 !
b11100100111100101011110111001001 /
b11100100111000010110010111001001 "
b11100100111000010110010111001001 0
b10010 $
b10010 ,
b11010 #
b11010 +
b1000010111010000111010010000101 '
b1000010111010000111010010000101 .
b1101 %
b1101 -
1&
#3420000
0&
#3425000
b110000101111001110111001100001 9
b11100100000010001001000111001 8
b1111 ;
b1011 :
b11101001111001110101000111010011 =
b11001 <
1>
b110000101111001110111001100001 2
b11100100000010001001000111001 1
b1111 4
b1011 3
b11101001111001110101000111010011 6
b11001 5
17
b10101001 *
1&
#3430000
0&
#3435000
b110000101111001110111001100001 !
b110000101111001110111001100001 /
b11100100000010001001000111001 "
b11100100000010001001000111001 0
b1111 $
b1111 ,
b1011 #
b1011 +
b11101001111001110101000111010011 '
b11101001111001110101000111010011 .
b11001 %
b11001 -
1(
1&
#3440000
0&
#3445000
b11101001111001110101000111010011 9
b10111111010110101001101101111110 8
b11001 ;
b10111 :
b1100110010010000010100011001100 =
b11100 <
0>
b11101001111001110101000111010011 2
b10111111010110101001101101111110 1
b11001 4
b10111 3
b1100110010010000010100011001100 6
b11100 5
07
b10101010 *
1&
#3450000
0&
#3455000
b11101001111001110101000111010011 !
b11101001111001110101000111010011 /
b10111111010110101001101101111110 "
b10111111010110101001101101111110 0
b11001 $
b11001 ,
b10111 #
b10111 +
b1100110010010000010100011001100 '
b1100110010010000010100011001100 .
b11100 %
b11100 -
0(
1&
#3460000
0&
#3465000
b10010011111111010010000100100 9
b0 8
b1100 ;
b1001 :
b1011111100110111101000010111111 =
b111 <
1>
b10010011111111010010000100100 2
b0 1
b1100 4
b1001 3
b1011111100110111101000010111111 6
b111 5
17
b10101011 *
1&
#3470000
0&
#3475000
b10010011111111010010000100100 !
b10010011111111010010000100100 /
b0 "
b0 0
b1100 $
b1100 ,
b1001 #
b1001 +
b1011111100110111101000010111111 '
b1011111100110111101000010111111 .
b111 %
b111 -
1(
1&
#3480000
0&
#3485000
b11000110110101101010011110001101 9
b10101010111100010111001101010101 8
b100 ;
b101 :
b10101010000111010111001101010100 =
b11000110110101101010011110001101 2
b10101010111100010111001101010101 1
b100 4
b101 3
b10101010000111010111001101010100 6
b10101100 *
1&
#3490000
0&
#3495000
b11000110110101101010011110001101 !
b11000110110101101010011110001101 /
b10101010111100010111001101010101 "
b10101010111100010111001101010101 0
b100 $
b100 ,
b101 #
b101 +
b10101010000111010111001101010100 '
b10101010000111010111001101010100 .
1&
#3500000
0&
#3505000
b1101011111010111001000011010 9
b11011 ;
b11000001101101011101010110000011 =
b10010 <
b1101011111010111001000011010 2
b11011 4
b11000001101101011101010110000011 6
b10010 5
b10101101 *
1&
#3510000
0&
#3515000
b1101011111010111001000011010 !
b1101011111010111001000011010 /
b11011 $
b11011 ,
b11000001101101011101010110000011 '
b11000001101101011101010110000011 .
b10010 %
b10010 -
1&
#3520000
0&
#3525000
b10110100010011011100000101101000 9
b11000101111000101000101110001011 8
b1010 ;
b11110 :
b1111000110110100001101011110001 =
b111 <
b10110100010011011100000101101000 2
b11000101111000101000101110001011 1
b1010 4
b11110 3
b1111000110110100001101011110001 6
b111 5
b10101110 *
1&
#3530000
0&
#3535000
b10110100010011011100000101101000 !
b10110100010011011100000101101000 /
b11000101111000101000101110001011 "
b11000101111000101000101110001011 0
b1010 $
b1010 ,
b11110 #
b11110 +
b1111000110110100001101011110001 '
b1111000110110100001101011110001 .
b111 %
b111 -
1&
#3540000
0&
#3545000
b10010011111111010010000100100 9
b10110100010011011100000101101000 8
b1100 ;
b1010 :
b11111110001010011011001111111100 =
b1 <
b10010011111111010010000100100 2
b10110100010011011100000101101000 1
b1100 4
b1010 3
b11111110001010011011001111111100 6
b1 5
b10101111 *
1&
#3550000
0&
#3555000
b10010011111111010010000100100 !
b10010011111111010010000100100 /
b10110100010011011100000101101000 "
b10110100010011011100000101101000 0
b1100 $
b1100 ,
b1010 #
b1010 +
b11111110001010011011001111111100 '
b11111110001010011011001111111100 .
b1 %
b1 -
1&
#3560000
0&
#3565000
b10110100010011011100000101101000 9
b1000011101111101001001010000111 8
b1010 ;
b10101 :
b10111001100010100001100101110011 =
b1100 <
b10110100010011011100000101101000 2
b1000011101111101001001010000111 1
b1010 4
b10101 3
b10111001100010100001100101110011 6
b1100 5
b10110000 *
1&
#3570000
0&
#3575000
b10110100010011011100000101101000 !
b10110100010011011100000101101000 /
b1000011101111101001001010000111 "
b1000011101111101001001010000111 0
b1010 $
b1010 ,
b10101 #
b10101 +
b10111001100010100001100101110011 '
b10111001100010100001100101110011 .
b1100 %
b1100 -
1&
#3580000
0&
#3585000
b11000010111000111011110110000101 9
b11000101111000101000101110001011 8
b1110 ;
b11110 :
b11011101100001101011011110111011 =
b10111 <
0>
b11000010111000111011110110000101 2
b11000101111000101000101110001011 1
b1110 4
b11110 3
b11011101100001101011011110111011 6
b10111 5
07
b10110001 *
1&
#3590000
0&
#3595000
b11000010111000111011110110000101 !
b11000010111000111011110110000101 /
b11000101111000101000101110001011 "
b11000101111000101000101110001011 0
b1110 $
b1110 ,
b11110 #
b11110 +
b11011101100001101011011110111011 '
b11011101100001101011011110111011 .
b10111 %
b10111 -
0(
1&
#3600000
0&
#3605000
b11111001001011000000001111110010 9
b10100000001100010000011101000000 8
b11111 ;
b10001 :
b11001111110110111110110110011111 =
b1001 <
b11111001001011000000001111110010 2
b10100000001100010000011101000000 1
b11111 4
b10001 3
b11001111110110111110110110011111 6
b1001 5
b10110010 *
1&
#3610000
0&
#3615000
b11111001001011000000001111110010 !
b11111001001011000000001111110010 /
b10100000001100010000011101000000 "
b10100000001100010000011101000000 0
b11111 $
b11111 ,
b10001 #
b10001 +
b11001111110110111110110110011111 '
b11001111110110111110110110011111 .
b1001 %
b1001 -
1&
#3620000
0&
#3625000
b1010101010110111011110010101010 9
b10101010111100010111001101010101 8
b11000 ;
b101 :
b11011010000010100000111110110100 =
b11010 <
1>
b1010101010110111011110010101010 2
b10101010111100010111001101010101 1
b11000 4
b101 3
b11011010000010100000111110110100 6
b11010 5
17
b10110011 *
1&
#3630000
0&
#3635000
b1010101010110111011110010101010 !
b1010101010110111011110010101010 /
b10101010111100010111001101010101 "
b10101010111100010111001101010101 0
b11000 $
b11000 ,
b101 #
b101 +
b11011010000010100000111110110100 '
b11011010000010100000111110110100 .
b11010 %
b11010 -
1(
1&
#3640000
0&
#3645000
b1100001110001100010000011000 9
b1011000011010100110101010110000 8
b11 ;
b10011 :
b10011010111001000000001100110101 =
0>
b1100001110001100010000011000 2
b1011000011010100110101010110000 1
b11 4
b10011 3
b10011010111001000000001100110101 6
07
b10110100 *
1&
#3650000
0&
#3655000
b1100001110001100010000011000 !
b1100001110001100010000011000 /
b1011000011010100110101010110000 "
b1011000011010100110101010110000 0
b11 $
b11 ,
b10011 #
b10011 +
b10011010111001000000001100110101 '
b10011010111001000000001100110101 .
0(
1&
#3660000
0&
#3665000
b110000101111001110111001100001 9
b11100100000010001001000111001 8
b1111 ;
b1011 :
b101010111000001010001001010101 =
b10011 <
1>
b110000101111001110111001100001 2
b11100100000010001001000111001 1
b1111 4
b1011 3
b101010111000001010001001010101 6
b10011 5
17
b10110101 *
1&
#3670000
0&
#3675000
b110000101111001110111001100001 !
b110000101111001110111001100001 /
b11100100000010001001000111001 "
b11100100000010001001000111001 0
b1111 $
b1111 ,
b1011 #
b1011 +
b101010111000001010001001010101 '
b101010111000001010001001010101 .
b10011 %
b10011 -
1(
1&
#3680000
0&
#3685000
b111011010001011110001001110110 9
b11000110110101101010011110001101 8
b110 ;
b100 :
b1110010001100110001011011100100 =
b1100 <
0>
b111011010001011110001001110110 2
b11000110110101101010011110001101 1
b110 4
b100 3
b1110010001100110001011011100100 6
b1100 5
07
b10110110 *
1&
#3690000
0&
#3695000
b111011010001011110001001110110 !
b111011010001011110001001110110 /
b11000110110101101010011110001101 "
b11000110110101101010011110001101 0
b110 $
b110 ,
b100 #
b100 +
b1110010001100110001011011100100 '
b1110010001100110001011011100100 .
b1100 %
b1100 -
0(
1&
#3700000
0&
#3705000
b11000010111000111011110110000101 9
b11100100000010001001000111001 8
b1110 ;
b1011 :
b11111111110011111111001111111111 =
b11000010111000111011110110000101 2
b11100100000010001001000111001 1
b1110 4
b1011 3
b11111111110011111111001111111111 6
b10110111 *
1&
#3710000
0&
#3715000
b11000010111000111011110110000101 !
b11000010111000111011110110000101 /
b11100100000010001001000111001 "
b11100100000010001001000111001 0
b1110 $
b1110 ,
b1011 #
b1011 +
b11111111110011111111001111111111 '
b11111111110011111111001111111111 .
1&
#3720000
0&
#3725000
b110000101111001110111001100001 9
b11011010000010100000111110110100 8
b1111 ;
b11010 :
b10011011100101111000111100110111 =
b1 <
b110000101111001110111001100001 2
b11011010000010100000111110110100 1
b1111 4
b11010 3
b10011011100101111000111100110111 6
b1 5
b10111000 *
1&
#3730000
0&
#3735000
b110000101111001110111001100001 !
b110000101111001110111001100001 /
b11011010000010100000111110110100 "
b11011010000010100000111110110100 0
b1111 $
b1111 ,
b11010 #
b11010 +
b10011011100101111000111100110111 '
b10011011100101111000111100110111 .
b1 %
b1 -
1&
#3740000
0&
#3745000
b11011110001001010101000110111100 9
b11000101111000101000101110001011 8
b10 ;
b11110 :
b10001001111100000001000100010 =
b1101 <
b11011110001001010101000110111100 2
b11000101111000101000101110001011 1
b10 4
b11110 3
b10001001111100000001000100010 6
b1101 5
b10111001 *
1&
#3750000
0&
#3755000
b11011110001001010101000110111100 !
b11011110001001010101000110111100 /
b11000101111000101000101110001011 "
b11000101111000101000101110001011 0
b10 $
b10 ,
b11110 #
b11110 +
b10001001111100000001000100010 '
b10001001111100000001000100010 .
b1101 %
b1101 -
1&
#3760000
0&
#3765000
b101010000100111000000001010100 9
b11000010111000111011110110000101 8
b10000 ;
b1110 :
b1110100101000011101101011101001 =
b10001 <
1>
b101010000100111000000001010100 2
b11000010111000111011110110000101 1
b10000 4
b1110 3
b1110100101000011101101011101001 6
b10001 5
17
b10111010 *
1&
#3770000
0&
#3775000
b101010000100111000000001010100 !
b101010000100111000000001010100 /
b11000010111000111011110110000101 "
b11000010111000111011110110000101 0
b10000 $
b10000 ,
b1110 #
b1110 +
b1110100101000011101101011101001 '
b1110100101000011101101011101001 .
b10001 %
b10001 -
1(
1&
#3780000
0&
#3785000
b1010011000111011111111010100110 9
b111011101111000011111001110111 8
b1000 ;
b10100 :
b10111110010100000010110101111100 =
b101 <
0>
b1010011000111011111111010100110 2
b111011101111000011111001110111 1
b1000 4
b10100 3
b10111110010100000010110101111100 6
b101 5
07
b10111011 *
1&
#3790000
0&
#3795000
b1010011000111011111111010100110 !
b1010011000111011111111010100110 /
b111011101111000011111001110111 "
b111011101111000011111001110111 0
b1000 $
b1000 ,
b10100 #
b10100 +
b10111110010100000010110101111100 '
b10111110010100000010110101111100 .
b101 %
b101 -
0(
1&
#3800000
0&
#3805000
b11101010001011000001001111010100 9
b11000010111000111011110110000101 8
b11100 ;
b1110 :
b1000001110000111101011010000011 =
b10011 <
1>
b11101010001011000001001111010100 2
b11000010111000111011110110000101 1
b11100 4
b1110 3
b1000001110000111101011010000011 6
b10011 5
17
b10111100 *
1&
#3810000
0&
#3815000
b11101010001011000001001111010100 !
b11101010001011000001001111010100 /
b11000010111000111011110110000101 "
b11000010111000111011110110000101 0
b11100 $
b11100 ,
b1110 #
b1110 +
b1000001110000111101011010000011 '
b1000001110000111101011010000011 .
b10011 %
b10011 -
1(
1&
#3820000
0&
#3825000
b110000101111001110111001100001 9
b1111 ;
b11100110100110010000011111001101 =
b11101 <
0>
b110000101111001110111001100001 2
b1111 4
b11100110100110010000011111001101 6
b11101 5
07
b10111101 *
1&
#3830000
0&
#3835000
b110000101111001110111001100001 !
b110000101111001110111001100001 /
b1111 $
b1111 ,
b11100110100110010000011111001101 '
b11100110100110010000011111001101 .
b11101 %
b11101 -
0(
1&
#3840000
0&
#3845000
b11111001001011000000001111110010 9
b11111 ;
b1110001101000110010111011100011 =
b10001 <
1>
b11111001001011000000001111110010 2
b11111 4
b1110001101000110010111011100011 6
b10001 5
17
b10111110 *
1&
#3850000
0&
#3855000
b11111001001011000000001111110010 !
b11111001001011000000001111110010 /
b11111 $
b11111 ,
b1110001101000110010111011100011 '
b1110001101000110010111011100011 .
b10001 %
b10001 -
1(
1&
#3860000
0&
#3865000
b1010011000111011111111010100110 9
b1000 ;
b11101110100011010100010111011101 =
b10101 <
b1010011000111011111111010100110 2
b1000 4
b11101110100011010100010111011101 6
b10101 5
b10111111 *
1&
#3870000
0&
#3875000
b1010011000111011111111010100110 !
b1010011000111011111111010100110 /
b1000 $
b1000 ,
b11101110100011010100010111011101 '
b11101110100011010100010111011101 .
b10101 %
b10101 -
1&
#3880000
0&
#3885000
b11111001001011000000001111110010 9
b11000001101101011101010110000011 8
b11111 ;
b10010 :
b11010101111101101011100110101011 =
b10111 <
b11111001001011000000001111110010 2
b11000001101101011101010110000011 1
b11111 4
b10010 3
b11010101111101101011100110101011 6
b10111 5
b11000000 *
1&
#3890000
0&
#3895000
b11111001001011000000001111110010 !
b11111001001011000000001111110010 /
b11000001101101011101010110000011 "
b11000001101101011101010110000011 0
b11111 $
b11111 ,
b10010 #
b10010 +
b11010101111101101011100110101011 '
b11010101111101101011100110101011 .
b10111 %
b10111 -
1&
#3900000
0&
#3905000
b11000110110101101010011110001101 9
b11000010111000111011110110000101 8
b100 ;
b1110 :
b11011101101101111001011110111011 =
b10000 <
b11000110110101101010011110001101 2
b11000010111000111011110110000101 1
b100 4
b1110 3
b11011101101101111001011110111011 6
b10000 5
b11000001 *
1&
#3910000
0&
#3915000
b11000110110101101010011110001101 !
b11000110110101101010011110001101 /
b11000010111000111011110110000101 "
b11000010111000111011110110000101 0
b100 $
b100 ,
b1110 #
b1110 +
b11011101101101111001011110111011 '
b11011101101101111001011110111011 .
b10000 %
b10000 -
1&
#3920000
0&
#3925000
b0 9
b11101001111001110101000111010011 8
b0 ;
b11001 :
b1100000001101101001000011000 =
b0 <
b0 2
b11101001111001110101000111010011 1
b0 4
b11001 3
b1100000001101101001000011000 6
b0 5
b11000010 *
1&
#3930000
0&
#3935000
b0 !
b0 /
b11101001111001110101000111010011 "
b11101001111001110101000111010011 0
b0 $
b0 ,
b11001 #
b11001 +
b1100000001101101001000011000 '
b1100000001101101001000011000 .
b0 %
b0 -
1&
#3940000
0&
#3945000
b11010101111101101011100110101011 9
b1111000110110100001101011110001 8
b10111 ;
b111 :
b10110011011000111000100101100110 =
b1011 <
b11010101111101101011100110101011 2
b1111000110110100001101011110001 1
b10111 4
b111 3
b10110011011000111000100101100110 6
b1011 5
b11000011 *
1&
#3950000
0&
#3955000
b11010101111101101011100110101011 !
b11010101111101101011100110101011 /
b1111000110110100001101011110001 "
b1111000110110100001101011110001 0
b10111 $
b10111 ,
b111 #
b111 +
b10110011011000111000100101100110 '
b10110011011000111000100101100110 .
b1011 %
b1011 -
1&
#3960000
0&
#3965000
b111011010001011110001001110110 9
b110 ;
b10111101101010001100110101111011 =
b11001 <
0>
b111011010001011110001001110110 2
b110 4
b10111101101010001100110101111011 6
b11001 5
07
b11000100 *
1&
#3970000
0&
#3975000
b111011010001011110001001110110 !
b111011010001011110001001110110 /
b110 $
b110 ,
b10111101101010001100110101111011 '
b10111101101010001100110101111011 .
b11001 %
b11001 -
0(
1&
#3980000
0&
#3985000
b10110100010011011100000101101000 9
b10110001001000110000011101100010 8
b1010 ;
b11101 :
b11011010001101110110000110110100 =
b1100 <
b10110100010011011100000101101000 2
b10110001001000110000011101100010 1
b1010 4
b11101 3
b11011010001101110110000110110100 6
b1100 5
b11000101 *
1&
#3990000
0&
#3995000
b10110100010011011100000101101000 !
b10110100010011011100000101101000 /
b10110001001000110000011101100010 "
b10110001001000110000011101100010 0
b1010 $
b1010 ,
b11101 #
b11101 +
b11011010001101110110000110110100 '
b11011010001101110110000110110100 .
b1100 %
b1100 -
1&
#4000000
0&
#4005000
b10101010111100010111001101010101 9
b1010101010110111011110010101010 8
b101 ;
b11000 :
b10111000010011010100000101110000 =
b10000 <
1>
b10101010111100010111001101010101 2
b1010101010110111011110010101010 1
b101 4
b11000 3
b10111000010011010100000101110000 6
b10000 5
17
b11000110 *
1&
#4010000
0&
#4015000
b10101010111100010111001101010101 !
b10101010111100010111001101010101 /
b1010101010110111011110010101010 "
b1010101010110111011110010101010 0
b101 $
b101 ,
b11000 #
b11000 +
b10111000010011010100000101110000 '
b10111000010011010100000101110000 .
b10000 %
b10000 -
1(
1&
#4020000
0&
#4025000
b10111001100010100001100101110011 9
b10111000010011010100000101110000 8
b1100 ;
b10000 :
b1111100111101010000010011111001 =
b1000 <
b10111001100010100001100101110011 2
b10111000010011010100000101110000 1
b1100 4
b10000 3
b1111100111101010000010011111001 6
b1000 5
b11000111 *
1&
#4030000
0&
#4035000
b10111001100010100001100101110011 !
b10111001100010100001100101110011 /
b10111000010011010100000101110000 "
b10111000010011010100000101110000 0
b1100 $
b1100 ,
b10000 #
b10000 +
b1111100111101010000010011111001 '
b1111100111101010000010011111001 .
b1000 %
b1000 -
1&
#4040000
0&
#4045000
b11001000 *
1&
#4050000
0&
#4055000
1&
#4060000
0&
#4065000
1&
